HI-OE-R-EX-7-56285-2	使用 t 测试获得的 p 值小于 0.05。因此，该测试具有统计学意义，因此可以说，该药物的施用对血压有影响。	hypothesis	1	1		HI-OE-R-EX-7-GS-2	查看 p 值 < 0.05，我可以得出结论，在样本中观察到的差异具有统计学意义，它向总体通用，因此药物具有效果。
HI-OE-R-180-57232-2	该测试为我们提供了 0.3232（>0.05）的 p 值，因此，尽管这些分布的平均值（平均值 -3.416667 之间的差值）之间有差异，但并不是具有粗壮的表示。	hypothesis	0	0		HI-OE-R-180-GS-2	由于 t 检验返回 p 值 < 0.05，我可以将样本中观察到的结果概括为总体，因此父子之间的身高平均具有统计学上显著差异。
HI-OE-R-EX-6-57419-1	两组之间的差值在统计学上并不显著，化妆水与安慰剂相同的结果，则效果并不有效。	hypothesis	0.7	1		HI-OE-R-EX-6-GS-2	由于 t 检验给了我 大于 0.05 的 p 值 ，因此无法将样本中看到的值对总体进行概括，因此我没有统计学上显著的差异，因此 化妆水 似乎没有任何效果。
HI-OE-R-180-55324-3	p 值的结果小于 0.05，因此可以说，从假设检验中获得的结果对整个总体是通用的;因此，孩子的高度比父亲高。	hypothesis	1	1		HI-OE-R-180-GS-2	由于 t 检验返回 p 值 < 0.05，我可以将样本中观察到的结果概括为总体，因此父子之间的身高平均具有统计学上显著差异。
HI-OE-R-EX-6-63427-1	奇迹化妆水没有统计学上显著的影响	hypothesis	0.6	1		HI-OE-R-EX-6-GS-2	由于 t 检验给了我 大于 0.05 的 p 值 ，因此无法将样本中看到的值对总体进行概括，因此我没有统计学上显著的差异，因此 化妆水 似乎没有任何效果。
HI-OE-R-EX-3-53590-1	在计算平均值后，夏皮罗测试表明它是一个正态分布，因此我们继续进行参数化测试，即 ANOVA。	normality	0.8	1		HI-OE-R-EX-3-GS-1	由于夏皮罗威尔克测试返回的所有 p 值> 0.05，因此我可以假设数据是从正态分布中提取的，然后使用参数测试。
HI-OE-R-178-55231-3	由于p值>0.05，我们不能说吸烟者和非吸烟者的子女之间有统计学上显著的区别。	hypothesis	0.8	1		HI-OE-R-178-GS-2	由于 t-test 返回 p 值 > 0.05，因此我无法对样本中观察到的结果进行概括，因此吸烟母亲的子女之间没有统计学上显著的平均体重差异。
HI-OE-R-EX-3-62827-1	我们可以说，平均值在统计学上不同	hypothesis	0.6	1		HI-OE-R-EX-3-GS-2	查看 p 值 < 0.05，我可以得出结论，在样本中观察到的差异是可概括的，这种差异在统计学上是显著的，因此，三元对煮羊的烹饪方式不同。
HI-OE-R-EX-7-54508-1	从夏皮罗测试结果中我们发现，两个分布都遵循正态曲线，因此我们可以应用参数化测试	normality	0.9	1		HI-OE-R-EX-7-GS-1	由于夏皮罗威尔克测试返回的所有 p 值> 0.05，因此我可以假设数据是从正态分布中提取的，然后使用参数测试。
HI-OE-R-181-55277-1	在这种情况下，我们面临正态分布，因为夏皮罗测试显示一个 p 值>0.05	normality	1	1		HI-OE-R-181-GS-1	由于夏皮罗威尔克测试返回的 p 值为 > 0.05，因此我可以假设数据是从正态分布中提取的，然后使用参数测试。
HI-OE-R-EX-7-53939-1	由于 p 值小于 0.05，因此药物的使用与压力的降低之间有关联	hypothesis	0.9	1		HI-OE-R-EX-7-GS-2	查看 p 值 < 0.05，我可以得出结论，在样本中观察到的差异具有统计学意义，它向总体通用，因此药物具有效果。
HI-OE-R-187-55406-1	p 值为 <0.05， 因此两种类型的手术之间没有重大的统计差异	hypothesis	0.2	0		HI-OE-R-187-GS-2	由于 p 值为 < 0.05，因此我可以将样本中观察到的结果概括为总体，因此，在 C、B 和 C 之间，在停留时间上存在统计显著差异。
HI-OE-R-182-57188-3	t 检验显示的 p 值小于 0.05，因此测试具有统计显著性，我可以将它概括为总体。作为小于0.05的p值，我可以拒绝高度相等的零假设，并接受男性儿子的高度大于女女儿的高度的替代假设。	hypothesis	0.9	1		HI-OE-R-182-GS-2	由于 p 值为 < 0.05，我可以将样本中观察到的结果概括为总体值，因此男性和女性身高存在平均统计显著差异。
HI-OE-R-EX-3-63062-2	P <0.05 似乎能够概括， 但我们必须检查比率在 2 比 2....图基赫斯德	hypothesis	0.4	0		HI-OE-R-EX-3-GS-2	查看 p 值 < 0.05，我可以得出结论，在样本中观察到的差异是可概括的，这种差异在统计学上是显著的，因此，三元对煮羊的烹饪方式不同。
HI-OE-R-185-54833-1	夏皮罗测试显示，两种干预的执行时间分布正常，因为 p 值大于 0.05。	normality	1	1		HI-OE-R-185-GS-1	由于夏皮罗威尔克测试返回的 p 值为 > 0.05，因此我可以假设数据是从正态分布中提取的，然后使用参数测试。
HI-OE-R-EX-7-53224-2	对成对数据进行参数化测试得出的 p 值小于 0.05，因此我假设在样本中发现的差值是通用的。	hypothesis	0.8	1		HI-OE-R-EX-7-GS-2	查看 p 值 < 0.05，我可以得出结论，在样本中观察到的差异具有统计学意义，它向总体通用，因此药物具有效果。
HI-OE-R-EX-4-63066-1	p 值 >0.05 接受 h0	hypothesis	0.6	1		HI-OE-R-EX-4-GS-1	由于 Kruskal Wallis 测试给了我 大于 0.05 的 p 值 ，因此我不能将样本中所看到的值概括为总体值，因此我没有统计学上显著差异，因此并非所有男性都喜欢金发。
HI-OE-R-EX-7-53578-1	t.test 确认了血压值在之前和之后的差异	hypothesis	0.6	1		HI-OE-R-EX-7-GS-2	查看 p 值 < 0.05，我可以得出结论，在样本中观察到的差异具有统计学意义，它向总体通用，因此药物具有效果。
HI-OE-R-180-57200-1	p 值大于 0.05，因此我们接受高度均匀分布的假设。	normality	1	1		HI-OE-R-180-GS-1	由于夏皮罗威尔克测试返回的 p 值为 > 0.05，因此我可以假设数据是从正态分布中提取的，然后使用参数测试。
HI-OE-R-183-55225-1	运动前压力的分布被认为是正常的，因为由于使用夏皮罗-威尔克测试，产生的P值大于0.05。	normality	0.8	1		HI-OE-R-183-GS-1	由于夏皮罗威尔克测试返回的 p 值为 > 0.05，因此我可以假设数据是从正态分布中提取的，然后使用参数测试。
HI-OE-R-182-55448-1	从夏皮罗测试中获得的 p 值大于 0.05。因此，我们接受没有假设，即儿童身高的分布是正常的。因此，它是一个参数变量。	normality	1	1		HI-OE-R-182-GS-1	由于夏皮罗威尔克测试返回的 p 值为 > 0.05，因此我可以假设数据是从正态分布中提取的，然后使用参数测试。
HI-OE-R-EX-5-9697-1	由于中位数，一个中心趋势值，是较低的一组被封顶的受试者，我们可以说，被封顶的男性被认为是更有吸引力的。	hypothesis	0	0		HI-OE-R-EX-5-GS-1	由于 Wilcoxon 测试给了我 小于0.05 的 p 值，我可以将样本中所看到的值概括为人群，因此我有统计学上的显著差异，因此头发移植使男性更具吸引力。
HI-OE-R-EX-5-53902-1	参照上面计算的中位数， 可以说， 并概括到整个人口， 秃头平均比披肩更有吸引力。	hypothesis	0	0		HI-OE-R-EX-5-GS-1	由于 Wilcoxon 测试给了我 小于0.05 的 p 值，我可以将样本中所看到的值概括为人群，因此我有统计学上的显著差异，因此头发移植使男性更具吸引力。
HI-OE-R-185-54833-2	对手术 A 和手术 B 的伤口外观平均值的分析表明，事实上，A手术留下的伤口看起来比手术 B 更好。Shapiro 测试的 p 值大于 0.05，因此执行参数化测试，即两个独立变量的 T 检验。这具有大于 0.05 的 p 值，这意味着分析在统计上无法扩展到整个总体。	hypothesis	0.4	0		HI-OE-R-185-GS-2	由于 p 值为 < 0.05，我可以将样本中观察到的结果概括为总体，因此手术 A 和 B 之间的伤口外观存在统计学上显著差异。
HI-OE-R-178-55231-1	p 值>0.05：分布为正态。	normality	0.8	1		HI-OE-R-178-GS-1	由于夏皮罗威尔克测试返回的 p 值为 > 0.05，因此我可以假设数据是从正态分布中提取的，然后使用参数测试。
HI-OE-R-184-55254-1	P 值>0.05，变量之间的差值在统计上不显著	hypothesis	0.8	1		HI-OE-R-184-GS-2	由于 p 值为 > 0.05，因此我无法将样本中观察到的结果概括为总体，因此男性和女性之间没有统计学上显著的平均压力差。
HI-OE-R-180-57200-2	p 值大于 0.05，因此我们接受高度均匀分布的假设。	normality	1	1		HI-OE-R-180-GS-1	由于夏皮罗威尔克测试返回的 p 值为 > 0.05，因此我可以假设数据是从正态分布中提取的，然后使用参数测试。
HI-OE-R-EX-8-63024-1	由于 p 值 > 0.05，两组之间没有统计学上显著的区别，我们不能说披肩比秃头更漂亮，我们不接受假设。两组的区别基本上是由于偶然性。	hypothesis	1	1		HI-OE-R-EX-8-GS-1	看看p > 0.05 的值，我可以得出结论，在样本中观察到的差异在统计学上没有显著性，没有向人群推广，因此秃顶男人不再有吸引力。
HI-OE-R-EX-1-54461-2	p 值为 <0.05，因此两组表示的不必要的困难词平均值之间的差值并不显著。	hypothesis	0.4	0		HI-OE-R-EX-1-GS-2	看看p < 0.05 的值，我可以得出结论，在样本中观察到的差异是一般到总体，这种差异在统计学上是显著的，因此大学教授使用的平均词比非教授难。
HI-OE-R-184-62641-2	两个夏皮罗测试都传达了 p 值>0.05，因此数据的分布是正常的。由于正态数据的分布对独立数据（M 和 F）应用参数测试。	normality	0.8	1		HI-OE-R-184-GS-1	由于夏皮罗威尔克测试返回的 p 值为 > 0.05，因此我可以假设数据是从正态分布中提取的，然后使用参数测试。
HI-OE-R-184-55438-1	因为 P 值是 >0.05 可以被认为是正常	normality	0.8	1		HI-OE-R-184-GS-1	由于夏皮罗威尔克测试返回的 p 值为 > 0.05，因此我可以假设数据是从正态分布中提取的，然后使用参数测试。
HI-OE-R-EX-7-51685-2	我们可以观察药物效果的减少	hypothesis	0.8	1		HI-OE-R-EX-7-GS-2	查看 p 值 < 0.05，我可以得出结论，在样本中观察到的差异具有统计学意义，它向总体通用，因此药物具有效果。
HI-OE-R-180-55454-1	从第一次对正态性的测试中，我得到数值变量"FatherHeight"是正态分布的（它是一个正态变量），因为从测试本身获得的 p 值值大于 0.05。	normality	1	1		HI-OE-R-180-GS-1	由于夏皮罗威尔克测试返回的 p 值为 > 0.05，因此我可以假设数据是从正态分布中提取的，然后使用参数测试。
HI-OE-R-EX-7-62977-1	执行正态数据分发测试后，我对配对数据应用 t 测试	normality	0.6	1		HI-OE-R-EX-7-GS-1	由于夏皮罗威尔克测试返回的所有 p 值> 0.05，因此我可以假设数据是从正态分布中提取的，然后使用参数测试。
HI-OE-R-EX-1-63211-2	p 值 <0.05 拒绝 H0。我接受 H1	hypothesis	0.6	1		HI-OE-R-EX-1-GS-2	看看p < 0.05 的值，我可以得出结论，在样本中观察到的差异是一般到总体，这种差异在统计学上是显著的，因此大学教授使用的平均词比非教授难。
HI-OE-R-EX-6-53156-1	p 值>0.05，化妆水未生效的 p 值	hypothesis	0.8	1		HI-OE-R-EX-6-GS-2	由于 t 检验给了我 大于 0.05 的 p 值 ，因此无法将样本中看到的值对总体进行概括，因此我没有统计学上显著的差异，因此 化妆水 似乎没有任何效果。
HI-OE-R-EX-6-52870-1	Shapiro-Wilk 测试用于知道变量"化妆水"和"Placebo"是否由正态分布表示，以便知道是否应使用参数统计分析测试或非参数统计分析测试。由于在这两个测试中 p 值都大于 0.05，因此我们将有两个正态分布，因此，由于它是一个数值变量，因此可以继续进行参数统计分析。	normality	1	1		HI-OE-R-EX-6-GS-1	由于夏皮罗威尔克测试返回的所有 p 值> 0.05，因此我可以假设数据是从正态分布中提取的，然后使用参数测试。
HI-OE-R-184-57213-2	p 值>0.05，因此不能将检验视为具有统计意义，并且不应接受无假设，因此男性和女性之间没有不同	hypothesis	0.8	1		HI-OE-R-184-GS-2	由于 p 值为 > 0.05，因此我无法将样本中观察到的结果概括为总体，因此男性和女性之间没有统计学上显著的平均压力差。
HI-OE-R-183-57169-1	由于 p 值为 >.05，因此锻炼前的压力是正常分布的。	normality	1	1		HI-OE-R-183-GS-1	由于夏皮罗威尔克测试返回的 p 值为 > 0.05，因此我可以假设数据是从正态分布中提取的，然后使用参数测试。
HI-OE-R-188-54898-1	p 值大于 0.05，因此变量是正常的	normality	0.8	1		HI-OE-R-188-GS-1	由于夏皮罗威尔克测试返回的 p 值> 0.05，因此我可以假设数据是从正态分布中提取的。
HI-OE-R-182-55412-1	由于正态性测试的 P 值大于 0.05，因此我必须声明我的变量是正态分布的。这是因为正态性检验的替代假设是变量不能正常分布：因为在确认这一点时，它出错的概率高于允许的最小值，因此我被迫拒绝它。	normality	0.8	1		HI-OE-R-182-GS-1	由于夏皮罗威尔克测试返回的 p 值为 > 0.05，因此我可以假设数据是从正态分布中提取的，然后使用参数测试。
HI-OE-R-EX-2-10190-1	对于所有> p"，变量是正宗分布的	normality	1	1		HI-OE-R-EX-2-GS-1	由于夏皮罗威尔克测试返回的所有 p 值> 0.05，因此我可以假设数据是从正态分布中提取的，然后使用参数测试。
HI-OE-R-EX-1-54461-1	这两种情况下的 p 值> 0.05，其分布为正态。	normality	1	1		HI-OE-R-EX-1-GS-1	由于夏皮罗威尔克测试返回的 p 值> 0.05，因此我可以假设数据是从正态分布中提取的，然后使用参数化测试。
HI-OE-R-EX-7-63082-2	P 值> 0.05 之前和之后没有差值（统计显著）。我不能概括人口	hypothesis	0.4	0		HI-OE-R-EX-7-GS-2	查看 p 值 < 0.05，我可以得出结论，在样本中观察到的差异具有统计学意义，它向总体通用，因此药物具有效果。
HI-OE-R-EX-3-63837-1	p 值在所有>个夏皮罗中为 0.05， 所以让我们来谈谈数据的正态分布， 我们将使用参数化测试来评估假设	normality	0.8	1		HI-OE-R-EX-3-GS-1	由于夏皮罗威尔克测试返回的所有 p 值> 0.05，因此我可以假设数据是从正态分布中提取的，然后使用参数测试。
HI-OE-R-185-57203-1	执行时间的分布是正常的，因为 pvalue >0.05。	normality	1	1		HI-OE-R-185-GS-1	由于夏皮罗威尔克测试返回的 p 值为 > 0.05，因此我可以假设数据是从正态分布中提取的，然后使用参数测试。
HI-OE-R-182-54869-2	正态性测试显示，考虑到不同 sosse 的子样本的两个子集的高度分布都是正态的，其中 p 值在这两种情况下>0.05），因此我可以使用参数测试来响应最后一个命令	normality	0.8	1		HI-OE-R-182-GS-1	由于夏皮罗威尔克测试返回的 p 值为 > 0.05，因此我可以假设数据是从正态分布中提取的，然后使用参数测试。
HI-OE-R-181-62630-2	统计分析表明，两种干预的执行时间确实存在显著差异，即 p 值<0.05	hypothesis	0.9	1		HI-OE-R-181-GS-2	由于 t 检验返回 p 值 < 0.05，因此我可以将样本中观察到的结果概括为总体，因此手术 A 和 B 之间的统计符号执行时间存在差异。
HI-OE-R-EX-8-50871-1	p 值 = 0.123 因此 p>0.05 没有统计显著差异	hypothesis	0.9	1		HI-OE-R-EX-8-GS-1	看看p > 0.05 的值，我可以得出结论，在样本中观察到的差异在统计学上没有显著性，没有向人群推广，因此秃顶男人不再有吸引力。
HI-OE-R-EX-6-53922-2	p 值>0.05： 我们不能概括人口	hypothesis	0.8	1		HI-OE-R-EX-6-GS-2	由于 t 检验给了我 大于 0.05 的 p 值 ，因此无法将样本中看到的值对总体进行概括，因此我没有统计学上显著的差异，因此 化妆水 似乎没有任何效果。
HI-OE-R-EX-6-54382-1	正常， 所以我们可以研究他们使用参数类型测试	normality	0.8	1		HI-OE-R-EX-6-GS-1	由于夏皮罗威尔克测试返回的所有 p 值> 0.05，因此我可以假设数据是从正态分布中提取的，然后使用参数测试。
HI-OE-R-187-9999-2	分布是正常的	normality	0.8	1		HI-OE-R-187-GS-1	由于夏皮罗威尔克测试返回的 p 值为 > 0.05，因此我可以假设数据是从正态分布中提取的，然后使用参数测试。
HI-OE-R-EX-1-9158-3	由于 t-test 的 p 值结果小于 0.05，我可以将样本分析的结果概括为整个人群，也就是说，大学教授发音的难词数平均比他不是大学教授的要多。	hypothesis	1	1		HI-OE-R-EX-1-GS-2	看看p < 0.05 的值，我可以得出结论，在样本中观察到的差异是一般到总体，这种差异在统计学上是显著的，因此大学教授使用的平均词比非教授难。
HI-OE-R-178-54864-2	我使用 t.test 是因为从 shapiro.test p 值大于 0.05。我选择 t.test 而不是 ANOVA，因为变量 （SmokeMum） 的模式是两个 （Y， N）。	normality	1	1		HI-OE-R-178-GS-1	由于夏皮罗威尔克测试返回的 p 值为 > 0.05，因此我可以假设数据是从正态分布中提取的，然后使用参数测试。
HI-OE-R-181-55469-1	执行时间具有正态分布，因为 p 值>0.05	normality	1	1		HI-OE-R-181-GS-1	由于夏皮罗威尔克测试返回的 p 值为 > 0.05，因此我可以假设数据是从正态分布中提取的，然后使用参数测试。
HI-OE-R-184-55091-1	在测试正态性后，您可以考虑变量以正态分布，因为它返回 p 值>0.05	normality	1	1		HI-OE-R-184-GS-1	由于夏皮罗威尔克测试返回的 p 值为 > 0.05，因此我可以假设数据是从正态分布中提取的，然后使用参数测试。
HI-OE-R-181-55277-2	上述统计分析显示 a-b 小于 0.05（参见 p adj）之间的差值，这意味着两种类型的奇鲁吉亚之间有统计学上显著的差异，而且时间最致数是 A。	hypothesis	1	1		HI-OE-R-181-GS-2	由于 t 检验返回 p 值 < 0.05，因此我可以将样本中观察到的结果概括为总体，因此手术 A 和 B 之间的统计符号执行时间存在差异。
HI-OE-R-EX-5-56267-1	使用 wilcox.test 获得的 p 值小于 0.05。因此，可以得出结论，测试具有统计学意义，因此秃头比有头发的男性更有吸引力。	hypothesis	0.8	1		HI-OE-R-EX-5-GS-1	由于 Wilcoxon 测试给了我 小于0.05 的 p 值，我可以将样本中所看到的值概括为人群，因此我有统计学上的显著差异，因此头发移植使男性更具吸引力。
HI-OE-R-EX-2-52683-1	对每种啤酒进行的夏皮罗测试确认这些是正态分布： 为了比较所有类型的啤酒， 我们使用 anova	normality	0.8	1		HI-OE-R-EX-2-GS-1	由于夏皮罗威尔克测试返回的所有 p 值> 0.05，因此我可以假设数据是从正态分布中提取的，然后使用参数测试。
HI-OE-R-EX-4-63884-1	基于 p 值的值，可以推断出 p>0.05 这三个类别之间没有区别，因此否认了金发女郎是首选的假设	hypothesis	0.8	1		HI-OE-R-EX-4-GS-1	由于 Kruskal Wallis 测试给了我 大于 0.05 的 p 值 ，因此我不能将样本中所看到的值概括为总体值，因此我没有统计学上显著差异，因此并非所有男性都喜欢金发。
HI-OE-R-EX-6-53026-1	由于 T 检验的 p 值大于 0.05，因此统计分析可扩展到整个总体。	hypothesis	0.2	0		HI-OE-R-EX-6-GS-2	由于 t 检验给了我 大于 0.05 的 p 值 ，因此无法将样本中看到的值对总体进行概括，因此我没有统计学上显著的差异，因此 化妆水 似乎没有任何效果。
HI-OE-R-184-55091-2	后的压力是正常分布的>因为p值>0.05，所以我可以做参数测试t.test，t.test返回我一个p值>0.05，这意味着统计分析并不显著，男性和女性之间的压力差异不能扩展到人口	normality	1	1		HI-OE-R-184-GS-1	由于夏皮罗威尔克测试返回的 p 值为 > 0.05，因此我可以假设数据是从正态分布中提取的，然后使用参数测试。
HI-OE-R-EX-8-53868-1	秃头和头发同样吸引人。	hypothesis	0.6	1		HI-OE-R-EX-8-GS-1	看看p > 0.05 的值，我可以得出结论，在样本中观察到的差异在统计学上没有显著性，没有向人群推广，因此秃顶男人不再有吸引力。
HI-OE-R-EX-6-63423-1	这两个分布类似于正态分布	normality	0.6	1		HI-OE-R-EX-6-GS-1	由于夏皮罗威尔克测试返回的所有 p 值> 0.05，因此我可以假设数据是从正态分布中提取的，然后使用参数测试。
HI-OE-R-180-54875-1	p 值为 > 0.05，因此变量之间的差值并不显著	hypothesis	0.4	0		HI-OE-R-180-GS-2	由于 t 检验返回 p 值 < 0.05，我可以将样本中观察到的结果概括为总体，因此父子之间的身高平均具有统计学上显著差异。
HI-OE-R-184-62647-2	意义不重大。	hypothesis	0.6	1		HI-OE-R-184-GS-2	由于 p 值为 > 0.05，因此我无法将样本中观察到的结果概括为总体，因此男性和女性之间没有统计学上显著的平均压力差。
HI-OE-R-178-54864-1	由于 p 值大于 0.05，因此可以认为分布为正态。	normality	1	1		HI-OE-R-178-GS-1	由于夏皮罗威尔克测试返回的 p 值为 > 0.05，因此我可以假设数据是从正态分布中提取的，然后使用参数测试。
HI-OE-R-182-10077-2	女性的高度可以被认为是正常的， 因为 p>0.05	normality	0.4	0		HI-OE-R-182-GS-1	由于夏皮罗威尔克测试返回的 p 值为 > 0.05，因此我可以假设数据是从正态分布中提取的，然后使用参数测试。
HI-OE-R-185-55099-2	从两个 p 值中，我看到分布是正态的，因此我执行独立样本的参数化测试。	normality	1	1		HI-OE-R-185-GS-1	由于夏皮罗威尔克测试返回的 p 值为 > 0.05，因此我可以假设数据是从正态分布中提取的，然后使用参数测试。
HI-OE-R-EX-7-51685-1	分布是正态的，因此我们可以对两个成对变量进行参数化测试	normality	0.8	1		HI-OE-R-EX-7-GS-1	由于夏皮罗威尔克测试返回的所有 p 值> 0.05，因此我可以假设数据是从正态分布中提取的，然后使用参数测试。
HI-OE-R-EX-8-54291-1	威尔科森测试的结果显示 p 值 > 0.05， 所以测试不显著， 因此我们必须接受假设没有， 我们不能概括到人口秃顶比较的结果	hypothesis	1	1		HI-OE-R-EX-8-GS-1	看看p > 0.05 的值，我可以得出结论，在样本中观察到的差异在统计学上没有显著性，没有向人群推广，因此秃顶男人不再有吸引力。
HI-OE-R-EX-7-53072-2	由于 p 值大于 0.05，我可以推断出调查结果不能扩展到人口。	hypothesis	0.4	0		HI-OE-R-EX-7-GS-2	查看 p 值 < 0.05，我可以得出结论，在样本中观察到的差异具有统计学意义，它向总体通用，因此药物具有效果。
HI-OE-R-184-55390-2	由于独立样品的 t.test 的 p 值大于 0.05，因此无法概括男性和女性之间锻炼后的压力值不同，但只是在此特定情况下。	hypothesis	0.8	1		HI-OE-R-184-GS-2	由于 p 值为 > 0.05，因此我无法将样本中观察到的结果概括为总体，因此男性和女性之间没有统计学上显著的平均压力差。
HI-OE-R-179-10026-2	自 p<0.05 起，两个变量之间的差值具有统计显著性	hypothesis	0	0		HI-OE-R-179-GS-2	由于 t 检验返回 p 值 > 0.05，因此我无法将样本中观察到的结果概括为总体，因此男女儿童之间没有统计学上显著的平均体重差异。
HI-OE-R-184-62647-1	已规范化	normality	0.6	1		HI-OE-R-184-GS-1	由于夏皮罗威尔克测试返回的 p 值为 > 0.05，因此我可以假设数据是从正态分布中提取的，然后使用参数测试。
HI-OE-R-EX-6-52348-1	我们可以使用 t. test， 因为 shapiro. test 确认这些是正态分布	normality	0.8	1		HI-OE-R-EX-6-GS-1	由于夏皮罗威尔克测试返回的所有 p 值> 0.05，因此我可以假设数据是从正态分布中提取的，然后使用参数测试。
HI-OE-R-183-54796-1	p 值大于 0.05，因此分布被视为正态	normality	1	1		HI-OE-R-183-GS-1	由于夏皮罗威尔克测试返回的 p 值为 > 0.05，因此我可以假设数据是从正态分布中提取的，然后使用参数测试。
HI-OE-R-EX-1-9158-1	因为 p 值> 0.05 分布是正态的	normality	0.8	1		HI-OE-R-EX-1-GS-1	由于夏皮罗威尔克测试返回的 p 值> 0.05，因此我可以假设数据是从正态分布中提取的，然后使用参数化测试。
HI-OE-R-178-55047-3	所以你可以看到， 3.9 的差异是非常高的， 这表明吸烟的母亲将有更薄的孩子	hypothesis	0	0		HI-OE-R-178-GS-2	由于 t-test 返回 p 值 > 0.05，因此我无法对样本中观察到的结果进行概括，因此吸烟母亲的子女之间没有统计学上显著的平均体重差异。
HI-OE-R-EX-2-54094-1	p 值>0.05 始终为正态分布：我们使用参数化测试。	normality	1	1		HI-OE-R-EX-2-GS-1	由于夏皮罗威尔克测试返回的所有 p 值> 0.05，因此我可以假设数据是从正态分布中提取的，然后使用参数测试。
HI-OE-R-181-62626-3	由于 p 值小于 0.05， 我们可以说， 两种类型的手术之间时间差异很大	hypothesis	0.9	1		HI-OE-R-181-GS-2	由于 t 检验返回 p 值 < 0.05，因此我可以将样本中观察到的结果概括为总体，因此手术 A 和 B 之间的统计符号执行时间存在差异。
HI-OE-R-EX-7-54680-2	p 值为 <.05，因此平均值之间的差值具有统计学意义，因此药物有效	hypothesis	0.9	1		HI-OE-R-EX-7-GS-2	查看 p 值 < 0.05，我可以得出结论，在样本中观察到的差异具有统计学意义，它向总体通用，因此药物具有效果。
HI-OE-R-EX-5-62953-1	我选择测试替代假设（如果在手术前和手术后之间有差异）与威尔科克斯测试有配对的数据（干预之前和之后）。使用 Wilcox 检验获得的 p 值将在短时间内拒绝假设 0，接受替代假设，即干预之前和之后之间存在差异（尽管很少）。	hypothesis	1	1		HI-OE-R-EX-5-GS-1	由于 Wilcoxon 测试给了我 小于0.05 的 p 值，我可以将样本中所看到的值概括为人群，因此我有统计学上的显著差异，因此头发移植使男性更具吸引力。
HI-OE-R-EX-2-53368-1	由于 p 值大于 0.05，因此我们推断分布为正态。我继续对不同的变量进行参数化测试	normality	0.8	1		HI-OE-R-EX-2-GS-1	由于夏皮罗威尔克测试返回的所有 p 值> 0.05，因此我可以假设数据是从正态分布中提取的，然后使用参数测试。
HI-OE-R-EX-7-56277-1	另一方面，进行的t.test显示，由于p值小于0.05，由于药物导致血压下降。	hypothesis	0.9	1		HI-OE-R-EX-7-GS-2	查看 p 值 < 0.05，我可以得出结论，在样本中观察到的差异具有统计学意义，它向总体通用，因此药物具有效果。
HI-OE-R-EX-1-63051-2	pvalue <0.05 拒绝 h0。我可以概括。有统计学显著性的差异。大学教授在 10 分钟内说更多不必要的困难的话	hypothesis	1	1		HI-OE-R-EX-1-GS-2	看看p < 0.05 的值，我可以得出结论，在样本中观察到的差异是一般到总体，这种差异在统计学上是显著的，因此大学教授使用的平均词比非教授难。
HI-OE-R-181-55431-2	通过夏皮罗测试，我假设这两种类型的手术的分布是正态的，因为 p 值大于 0.05，所以我去执行参数化测试，t 测试。	normality	1	1		HI-OE-R-181-GS-1	由于夏皮罗威尔克测试返回的 p 值为 > 0.05，因此我可以假设数据是从正态分布中提取的，然后使用参数测试。
HI-OE-R-EX-1-10034-2	p<0.05，所以差异在统计学上是显著的，我们可以概括我们在样本中观察到的：大学教授（'案例'）平均比其他人说更多的难词	hypothesis	1	1		HI-OE-R-EX-1-GS-2	看看p < 0.05 的值，我可以得出结论，在样本中观察到的差异是一般到总体，这种差异在统计学上是显著的，因此大学教授使用的平均词比非教授难。
HI-OE-R-EX-7-54508-2	使用 t.test，我们得到的比较是显著的（p值< 0.05），因此平均值在统计上没有差异	hypothesis	0.4	0		HI-OE-R-EX-7-GS-2	查看 p 值 < 0.05，我可以得出结论，在样本中观察到的差异具有统计学意义，它向总体通用，因此药物具有效果。
HI-OE-R-EX-3-63891-1	shapiro 测试为我们提供了一个 p 值，对于所有三个数据正态分布的 p 值为 >0.05，因此我们可以继续进行参数化推断测试	normality	1	1		HI-OE-R-EX-3-GS-1	由于夏皮罗威尔克测试返回的所有 p 值> 0.05，因此我可以假设数据是从正态分布中提取的，然后使用参数测试。
HI-OE-R-EX-6-54366-1	p 值（大于 0.05）显示我无法将获得的结果概括为整个总体。	hypothesis	0.8	1		HI-OE-R-EX-6-GS-2	由于 t 检验给了我 大于 0.05 的 p 值 ，因此无法将样本中看到的值对总体进行概括，因此我没有统计学上显著的差异，因此 化妆水 似乎没有任何效果。
HI-OE-R-EX-6-53860-3	平均值没有显著差异。	hypothesis	0.6	1		HI-OE-R-EX-6-GS-2	由于 t 检验给了我 大于 0.05 的 p 值 ，因此无法将样本中看到的值对总体进行概括，因此我没有统计学上显著的差异，因此 化妆水 似乎没有任何效果。
HI-OE-R-EX-7-53236-2	我必须应用参数化测试，让我看到在样本级别发现的差值适用于总体（从 t.test < 0.05）。	hypothesis	1	1		HI-OE-R-EX-7-GS-2	查看 p 值 < 0.05，我可以得出结论，在样本中观察到的差异具有统计学意义，它向总体通用，因此药物具有效果。
HI-OE-R-EX-4-63278-1	测试没有统计显著性	hypothesis	0.6	1		HI-OE-R-EX-4-GS-1	由于 Kruskal Wallis 测试给了我 大于 0.05 的 p 值 ，因此我不能将样本中所看到的值概括为总体值，因此我没有统计学上显著差异，因此并非所有男性都喜欢金发。
HI-OE-R-EX-6-53010-2	从独立数据上的 t.test 参数化测试中，我们注意到大于 0.05 的 p 值，因此样本中发现的差值不适用于总体。	hypothesis	1	1		HI-OE-R-EX-6-GS-2	由于 t 检验给了我 大于 0.05 的 p 值 ，因此无法将样本中看到的值对总体进行概括，因此我没有统计学上显著的差异，因此 化妆水 似乎没有任何效果。
HI-OE-R-EX-6-53927-3	p 值大于 0.05，因此无法将结果扩展到总体	hypothesis	0.8	1		HI-OE-R-EX-6-GS-2	由于 t 检验给了我 大于 0.05 的 p 值 ，因此无法将样本中看到的值对总体进行概括，因此我没有统计学上显著的差异，因此 化妆水 似乎没有任何效果。
HI-OE-R-185-55099-1	p 值的值大于 0.05，因此"时间"分布为正态。	normality	1	1		HI-OE-R-185-GS-1	由于夏皮罗威尔克测试返回的 p 值为 > 0.05，因此我可以假设数据是从正态分布中提取的，然后使用参数测试。
HI-OE-R-182-55027-2	由于 p 值小于 0.05，我必须拒绝无假设并接受替代假设，即男性和女性之间的身高平均值之间的差值具有统计学意义。	hypothesis	0.9	1		HI-OE-R-182-GS-2	由于 p 值为 < 0.05，我可以将样本中观察到的结果概括为总体值，因此男性和女性身高存在平均统计显著差异。
HI-OE-R-187-57224-1	p>0.05，可视为正常	normality	0.8	1		HI-OE-R-187-GS-1	由于夏皮罗威尔克测试返回的 p 值为 > 0.05，因此我可以假设数据是从正态分布中提取的，然后使用参数测试。
HI-OE-R-EX-3-57293-1	夏皮罗测试证实了数据的正态性	normality	0.6	1		HI-OE-R-EX-3-GS-1	由于夏皮罗威尔克测试返回的所有 p 值> 0.05，因此我可以假设数据是从正态分布中提取的，然后使用参数测试。
HI-OE-R-EX-1-53726-2	T.test 从 p 值<0.05，因此我们可以说，案例组和控制之间有统计学上显著的差异。	hypothesis	0.9	1		HI-OE-R-EX-1-GS-2	看看p < 0.05 的值，我可以得出结论，在样本中观察到的差异是一般到总体，这种差异在统计学上是显著的，因此大学教授使用的平均词比非教授难。
HI-OE-R-185-55099-3	p 值小于 0.05，因此样本结果具有统计显著性，可扩展到总体。	hypothesis	1	1		HI-OE-R-185-GS-2	由于 p 值为 < 0.05，我可以将样本中观察到的结果概括为总体，因此手术 A 和 B 之间的伤口外观存在统计学上显著差异。
HI-OE-R-EX-4-50881-1	p>0.05 差异不具有统计显著性	hypothesis	0.8	1		HI-OE-R-EX-4-GS-1	由于 Kruskal Wallis 测试给了我 大于 0.05 的 p 值 ，因此我不能将样本中所看到的值概括为总体值，因此我没有统计学上显著差异，因此并非所有男性都喜欢金发。
HI-OE-R-180-55037-3	p 值小于 0.05，因此测试可以推广到人口，因此我们可以说孩子的高度大于父亲的身高	hypothesis	1	1		HI-OE-R-180-GS-2	由于 t 检验返回 p 值 < 0.05，我可以将样本中观察到的结果概括为总体，因此父子之间的身高平均具有统计学上显著差异。
HI-OE-R-184-10067-2	然后，我可以继续 t-test，从中我可以得出结论，男性和女性在运动后的压力没有统计学上显著的差异。	hypothesis	0.8	1		HI-OE-R-184-GS-2	由于 p 值为 > 0.05，因此我无法将样本中观察到的结果概括为总体，因此男性和女性之间没有统计学上显著的平均压力差。
HI-OE-R-EX-1-10034-1	在这两种情况下>0.05：分布是正态的，因此我们可以继续进行参数化测试以验证假设	normality	1	1		HI-OE-R-EX-1-GS-1	由于夏皮罗威尔克测试返回的 p 值> 0.05，因此我可以假设数据是从正态分布中提取的，然后使用参数化测试。
HI-OE-R-178-55443-1	由于 p 值为 > 0.05，变量是正常的	normality	1	1		HI-OE-R-178-GS-1	由于夏皮罗威尔克测试返回的 p 值为 > 0.05，因此我可以假设数据是从正态分布中提取的，然后使用参数测试。
HI-OE-R-181-55426-1	干预的执行时间分布可视为正常，因为 p 值大于 0.05	normality	1	1		HI-OE-R-181-GS-1	由于夏皮罗威尔克测试返回的 p 值为 > 0.05，因此我可以假设数据是从正态分布中提取的，然后使用参数测试。
HI-OE-R-EX-1-56266-2	我选择了T-test的独立数据，返回的p值小于0.05，这就是为什么我可以得出结论，大学教授使用更不必要的困难的话，这个说法，我可以扩展到整个人口。	hypothesis	1	1		HI-OE-R-EX-1-GS-2	看看p < 0.05 的值，我可以得出结论，在样本中观察到的差异是一般到总体，这种差异在统计学上是显著的，因此大学教授使用的平均词比非教授难。
HI-OE-R-EX-3-53348-1	由于变量是参数化的，因此我们继续进行 ANOVA 测试，以查看分配的平均标记在三个三元之间是否不同，并检查是否有统计显著差异，以及是否可以向相关总体验证。	normality	0.6	1		HI-OE-R-EX-3-GS-1	由于夏皮罗威尔克测试返回的所有 p 值> 0.05，因此我可以假设数据是从正态分布中提取的，然后使用参数测试。
HI-OE-R-183-54796-2	p 值大于 0.05，因此我可以考虑正变量分布。我继续进行对子 t 测试（对于成对变量），因为两个变量都是正常的。	normality	0.8	1		HI-OE-R-183-GS-1	由于夏皮罗威尔克测试返回的 p 值为 > 0.05，因此我可以假设数据是从正态分布中提取的，然后使用参数测试。
HI-OE-R-186-55264-1	干预的执行时间分布可视为正常（p 值>0.05）	normality	1	1		HI-OE-R-186-GS-1	由于夏皮罗威尔克测试返回的 p 值为 > 0.05，因此我可以假设数据是从正态分布中提取的，然后使用参数测试。
HI-OE-R-183-55339-2	压力在一年后显著上升，因为 p.值< 0.05	hypothesis	0.9	1		HI-OE-R-183-GS-2	由于 p 值为 < 0.05，我可以将样本中观察到的结果概括为总体，因此运动后压力在统计学上显著增加。
HI-OE-R-178-10006-1	出生体重的分布可以视为正常，因为 p 值大于 0.05	normality	1	1		HI-OE-R-178-GS-1	由于夏皮罗威尔克测试返回的 p 值为 > 0.05，因此我可以假设数据是从正态分布中提取的，然后使用参数测试。
HI-OE-R-179-10026-1	由于 p>0.05，出生体重变量是正常的，如有必要，应应用参数测试	normality	0.6	1		HI-OE-R-179-GS-1	由于夏皮罗威尔克测试返回的 p 值为 > 0.05，因此我可以假设数据是从正态分布中提取的，然后使用参数测试。
HI-OE-R-EX-7-53224-1	使用夏皮罗测试并获取大于 0.05 的 p 值后，我假设变量是正向分布的，我可以使用 t 检验，即参数化测试。	normality	1	1		HI-OE-R-EX-7-GS-1	由于夏皮罗威尔克测试返回的所有 p 值> 0.05，因此我可以假设数据是从正态分布中提取的，然后使用参数测试。
HI-OE-R-EX-1-63811-2	作为 p. value< 0.05 我将接受替代假设， 并拒绝假设没有 h0， 所以我假设在案例中说的困难词和在控件中说的困难词之间有相关性	hypothesis	0.8	1		HI-OE-R-EX-1-GS-2	看看p < 0.05 的值，我可以得出结论，在样本中观察到的差异是一般到总体，这种差异在统计学上是显著的，因此大学教授使用的平均词比非教授难。
HI-OE-R-181-55243-2	然后我可以执行参数化测试	normality	0.6	1		HI-OE-R-181-GS-1	由于夏皮罗威尔克测试返回的 p 值为 > 0.05，因此我可以假设数据是从正态分布中提取的，然后使用参数测试。
HI-OE-R-187-57226-1	必须对样本执行与值的参数测试。由于 t 检验返回大于 0.05 的 p 值，因此分布不显著	hypothesis	0.6	1		HI-OE-R-187-GS-2	由于 p 值为 < 0.05，因此我可以将样本中观察到的结果概括为总体，因此，在 C、B 和 C 之间，在停留时间上存在统计显著差异。
HI-OE-R-EX-3-53768-1	p 值大于 0.05， 因此我可以接受变量正常无假设	normality	1	1		HI-OE-R-EX-3-GS-1	由于夏皮罗威尔克测试返回的所有 p 值> 0.05，因此我可以假设数据是从正态分布中提取的，然后使用参数测试。
HI-OE-R-EX-6-63751-1	由于 p 值为 > 0.05 0.05，因此分布正常，因此我将使用 t 检验。	normality	1	1		HI-OE-R-EX-6-GS-1	由于夏皮罗威尔克测试返回的所有 p 值> 0.05，因此我可以假设数据是从正态分布中提取的，然后使用参数测试。
HI-OE-R-EX-7-63114-1	差异是真的...这样我们才能接受另一种假设。因此，由于药物，血压下降。	hypothesis	0.6	1		HI-OE-R-EX-7-GS-2	查看 p 值 < 0.05，我可以得出结论，在样本中观察到的差异具有统计学意义，它向总体通用，因此药物具有效果。
HI-OE-R-EX-6-63751-2	作为 p 值 > 0.05， 我将接受假设 h0 （根据假设， 化妆水和头发生长之间没有联系）， 并拒绝替代假设	hypothesis	0.8	1		HI-OE-R-EX-6-GS-2	由于 t 检验给了我 大于 0.05 的 p 值 ，因此无法将样本中看到的值对总体进行概括，因此我没有统计学上显著的差异，因此 化妆水 似乎没有任何效果。
HI-OE-R-179-54811-2	p 值为 > 0.05，因此权重之间的差值在统计上不显著	hypothesis	0.8	1		HI-OE-R-179-GS-2	由于 t 检验返回 p 值 > 0.05，因此我无法将样本中观察到的结果概括为总体，因此男女儿童之间没有统计学上显著的平均体重差异。
HI-OE-R-EX-7-62977-2	我对配对数据应用 t 测试。这将导致 p 值< 0.05，表明我观察到的样本之间的差值显著。	hypothesis	1	1		HI-OE-R-EX-7-GS-2	查看 p 值 < 0.05，我可以得出结论，在样本中观察到的差异具有统计学意义，它向总体通用，因此药物具有效果。
HI-OE-R-180-55324-2	对于这两个变量，分布是正态的，因此我应用参数测试的两个成对样本，考虑为预生成和后生成。	normality	0.8	1		HI-OE-R-180-GS-1	由于夏皮罗威尔克测试返回的 p 值为 > 0.05，因此我可以假设数据是从正态分布中提取的，然后使用参数测试。
HI-OE-R-181-55308-1	由于两个变量的 p.值都大于 0.05，因此我们可以考虑正态时间分布。	normality	1	1		HI-OE-R-181-GS-1	由于夏皮罗威尔克测试返回的 p 值为 > 0.05，因此我可以假设数据是从正态分布中提取的，然后使用参数测试。
HI-OE-R-181-62630-1	夏皮罗测试指出，干预的执行时间分布是正常的，为p值>0.05	normality	1	1		HI-OE-R-181-GS-1	由于夏皮罗威尔克测试返回的 p 值为 > 0.05，因此我可以假设数据是从正态分布中提取的，然后使用参数测试。
HI-OE-R-EX-1-63748-1	对2个独立样本进行的 t 测试显示 p 值 0....583，因此 <0.05（拒绝 H0），因此我可以说组之间不必要的困难词的平均数量在统计上不显著。	hypothesis	0.4	0		HI-OE-R-EX-1-GS-2	看看p < 0.05 的值，我可以得出结论，在样本中观察到的差异是一般到总体，这种差异在统计学上是显著的，因此大学教授使用的平均词比非教授难。
HI-OE-R-187-55021-2	p 值小于 0.05，因此各种干预类型之间有统计学上显著的差异。	hypothesis	0.8	1		HI-OE-R-187-GS-2	由于 p 值为 < 0.05，因此我可以将样本中观察到的结果概括为总体，因此，在 C、B 和 C 之间，在停留时间上存在统计显著差异。
HI-OE-R-183-55205-1	从正态性测试中，查看 p 值，我们可以看到它大于 0.05，因此我们可以说变量 SBPbefore 是正态的。	normality	1	1		HI-OE-R-183-GS-1	由于夏皮罗威尔克测试返回的 p 值为 > 0.05，因此我可以假设数据是从正态分布中提取的，然后使用参数测试。
HI-OE-R-183-54849-2	由于 p 值小于 0.05，我们接受替代假设，即研究中的数据之间有统计学上显著的差异。	hypothesis	0.9	1		HI-OE-R-183-GS-2	由于 p 值为 < 0.05，我可以将样本中观察到的结果概括为总体，因此运动后压力在统计学上显著增加。
HI-OE-R-183-55339-1	对于变量 Sbpbefore， 指男性和女性性别的分布是正常的， 因为 p. 值> 0.05	normality	0.8	1		HI-OE-R-183-GS-1	由于夏皮罗威尔克测试返回的 p 值为 > 0.05，因此我可以假设数据是从正态分布中提取的，然后使用参数测试。
HI-OE-R-EX-3-53254-1	p 值都大于 0.05，因此投票是正常分布的。因此，您可以继续执行 ANOVA	normality	1	1		HI-OE-R-EX-3-GS-1	由于夏皮罗威尔克测试返回的所有 p 值> 0.05，因此我可以假设数据是从正态分布中提取的，然后使用参数测试。
HI-OE-R-181-55308-2	由于两个变量的 p.值小于 0.05，因此可以进行通用，因此意味着两种类型的干预之间是有区别的。特别是，干预 A 是在小于干预 B 的时间进行。	hypothesis	0.8	1		HI-OE-R-181-GS-2	由于 t 检验返回 p 值 < 0.05，因此我可以将样本中观察到的结果概括为总体，因此手术 A 和 B 之间的统计符号执行时间存在差异。
HI-OE-R-181-57208-2	由于正态性测试返回的 p 值大于 0.05，我能够得出结论，最合适的测试统计是由参数化测试表示的，更具体地说，是独立数据的 t 检验。此分析提供的 p 值小于 0.05，这就是为什么我拒绝这一假设，并得出结论，事实上，两种干预措施的执行时间平均值实际上不同。	hypothesis	1	1		HI-OE-R-181-GS-2	由于 t 检验返回 p 值 < 0.05，因此我可以将样本中观察到的结果概括为总体，因此手术 A 和 B 之间的统计符号执行时间存在差异。
HI-OE-R-185-10081-1	由于 p 值大于 0.05，变量是正向分布的	normality	1	1		HI-OE-R-185-GS-1	由于夏皮罗威尔克测试返回的 p 值为 > 0.05，因此我可以假设数据是从正态分布中提取的，然后使用参数测试。
HI-OE-R-178-55051-1	p 值大于 0.05，这意味着检验没有统计显著性：确认分布可以视为正态的没有任何假设是可以接受的。	normality	0.8	1		HI-OE-R-178-GS-1	由于夏皮罗威尔克测试返回的 p 值为 > 0.05，因此我可以假设数据是从正态分布中提取的，然后使用参数测试。
HI-OE-R-EX-6-63916-1	在样本中，化妆水比安慰剂更有效，因为它具有较高的平均值，但我们不能在总体上扩展此结果，因为在 t 检验中 p 值>0.05	hypothesis	1	1		HI-OE-R-EX-6-GS-2	由于 t 检验给了我 大于 0.05 的 p 值 ，因此无法将样本中看到的值对总体进行概括，因此我没有统计学上显著的差异，因此 化妆水 似乎没有任何效果。
HI-OE-R-EX-7-63082-1	PVALUE >0.05 ..正态分布。对成对样品使用参数测试	normality	1	1		HI-OE-R-EX-7-GS-1	由于夏皮罗威尔克测试返回的所有 p 值> 0.05，因此我可以假设数据是从正态分布中提取的，然后使用参数测试。
HI-OE-R-178-55047-2	两个夏皮罗测试使我们能够理解所考虑的值是正常和参数化的。所以你必须运行 t. test 才能理解它是否具有通用性。	normality	0.6	1		HI-OE-R-178-GS-1	由于夏皮罗威尔克测试返回的 p 值为 > 0.05，因此我可以假设数据是从正态分布中提取的，然后使用参数测试。
HI-OE-R-185-10081-2	干预 A 的类型比干预 B 更成功。	hypothesis	0.6	1		HI-OE-R-185-GS-2	由于 p 值为 < 0.05，我可以将样本中观察到的结果概括为总体，因此手术 A 和 B 之间的伤口外观存在统计学上显著差异。
HI-OE-R-181-54787-2	然后，我继续进行参数化测试，特别是对独立数据的 t-test。t 检验产生的 p 值小于 0.05，因此这是一个可以扩展到总体并通用的重大统计差异。手术的执行时间在两种类型的手术之间是不同的。	hypothesis	1	1		HI-OE-R-181-GS-2	由于 t 检验返回 p 值 < 0.05，因此我可以将样本中观察到的结果概括为总体，因此手术 A 和 B 之间的统计符号执行时间存在差异。
HI-OE-R-EX-5-63245-1	秃头男人不比头发更吸引人。	hypothesis	0.2	0		HI-OE-R-EX-5-GS-1	由于 Wilcoxon 测试给了我 小于0.05 的 p 值，我可以将样本中所看到的值概括为人群，因此我有统计学上的显著差异，因此头发移植使男性更具吸引力。
HI-OE-R-EX-3-53391-1	因为对于每个 trattoria 的 p 值大于 0.05， 则分布是正态的。对于具有多个变量的样本，我继续进行参数化测试。	normality	1	1		HI-OE-R-EX-3-GS-1	由于夏皮罗威尔克测试返回的所有 p 值> 0.05，因此我可以假设数据是从正态分布中提取的，然后使用参数测试。
HI-OE-R-181-55137-2	查看测试的输出，我们注意到 p 值为 < 0.050.05。这意味着干预 A 和干预 B 之间的时间变量差异很大。	hypothesis	0.9	1		HI-OE-R-181-GS-2	由于 t 检验返回 p 值 < 0.05，因此我可以将样本中观察到的结果概括为总体，因此手术 A 和 B 之间的统计符号执行时间存在差异。
HI-OE-R-EX-7-10254-1	p>0.05 变量是正向分布的	normality	0.8	1		HI-OE-R-EX-7-GS-1	由于夏皮罗威尔克测试返回的所有 p 值> 0.05，因此我可以假设数据是从正态分布中提取的，然后使用参数测试。
HI-OE-R-183-57169-2	由于 p 值为 < 0.05，因此锻炼前和锻炼后的压力差异具有统计显著性。结果是通用的。	hypothesis	1	1		HI-OE-R-183-GS-2	由于 p 值为 < 0.05，我可以将样本中观察到的结果概括为总体，因此运动后压力在统计学上显著增加。
HI-OE-R-EX-7-53072-1	由于 p 值在这两种情况下都大于 0.05，因此分布是正态的，因此我们继续对成对变量进行参数化测试。	normality	1	1		HI-OE-R-EX-7-GS-1	由于夏皮罗威尔克测试返回的所有 p 值> 0.05，因此我可以假设数据是从正态分布中提取的，然后使用参数测试。
HI-OE-R-EX-6-53204-3	p 值>0.05，因此化妆水的平均头发面积与安慰剂的平均头发表面没有显著差异。没有统计上有效的差异， 所以无意义假说是正确的。这两种治疗方法的结果非常相似。	hypothesis	0.8	1		HI-OE-R-EX-6-GS-2	由于 t 检验给了我 大于 0.05 的 p 值 ，因此无法将样本中看到的值对总体进行概括，因此我没有统计学上显著的差异，因此 化妆水 似乎没有任何效果。
HI-OE-R-EX-3-9575-2	由于 ANOVA 的 p 值小于 0.05，我们至少与三元数的平均值之间有统计学上显著的差异。	hypothesis	0.9	1		HI-OE-R-EX-3-GS-2	查看 p 值 < 0.05，我可以得出结论，在样本中观察到的差异是可概括的，这种差异在统计学上是显著的，因此，三元对煮羊的烹饪方式不同。
HI-OE-R-184-55239-2	我继续使用独立变量的 t-test 进行比较，结果获得一个值 p 值再次大于 0.05，这使我猜想这两个函数之间的差别没有显著差异。	hypothesis	0.9	1		HI-OE-R-184-GS-2	由于 p 值为 > 0.05，因此我无法将样本中观察到的结果概括为总体，因此男性和女性之间没有统计学上显著的平均压力差。
HI-OE-R-EX-6-54515-2	变量 X.1 是正向分布的，因为 p 值>0.05	normality	1	1		HI-OE-R-EX-6-GS-1	由于夏皮罗威尔克测试返回的所有 p 值> 0.05，因此我可以假设数据是从正态分布中提取的，然后使用参数测试。
HI-OE-R-181-55243-3	给定小于 0.05 的 p 值，我可以将我的假设概括为整个总体	hypothesis	0.8	1		HI-OE-R-181-GS-2	由于 t 检验返回 p 值 < 0.05，因此我可以将样本中观察到的结果概括为总体，因此手术 A 和 B 之间的统计符号执行时间存在差异。
HI-OE-R-180-55454-3	从刚刚进行的参数化测试获得的p值中，可以说，在样本水平上发现的父辈和各自子女身高之间的差值是通用的，因此适用于整个人口。这一解释是 p 值的值小于 0.05，因此，这是一个统计显著差异。	hypothesis	1	1		HI-OE-R-180-GS-2	由于 t 检验返回 p 值 < 0.05，我可以将样本中观察到的结果概括为总体，因此父子之间的身高平均具有统计学上显著差异。
HI-OE-R-EX-1-62729-1	我使用参数化测试， 因为在正常度测试中， 我得到了 Pvalue>0.05	normality	1	1		HI-OE-R-EX-1-GS-1	由于夏皮罗威尔克测试返回的 p 值> 0.05，因此我可以假设数据是从正态分布中提取的，然后使用参数化测试。
HI-OE-R-EX-5-54069-1	如果您查看威尔科森测试的结果，可以看到差异在统计上并不显著。	hypothesis	0.4	0		HI-OE-R-EX-5-GS-1	由于 Wilcoxon 测试给了我 小于0.05 的 p 值，我可以将样本中所看到的值概括为人群，因此我有统计学上的显著差异，因此头发移植使男性更具吸引力。
HI-OE-R-EX-8-52859-1	一旦进行了威尔科森测试，可以推断出样品中发现的差异是不可概括的。	hypothesis	0.8	1		HI-OE-R-EX-8-GS-1	看看p > 0.05 的值，我可以得出结论，在样本中观察到的差异在统计学上没有显著性，没有向人群推广，因此秃顶男人不再有吸引力。
HI-OE-R-EX-5-53743-1	秃头男人的吸引力就不那么吸引人了。	hypothesis	0.6	1		HI-OE-R-EX-5-GS-1	由于 Wilcoxon 测试给了我 小于0.05 的 p 值，我可以将样本中所看到的值概括为人群，因此我有统计学上的显著差异，因此头发移植使男性更具吸引力。
HI-OE-R-178-55047-1	通过夏皮罗测试，我们可以考虑 p 值大于 0.05。这表示变量是参数化和法线。	normality	0.8	1		HI-OE-R-178-GS-1	由于夏皮罗威尔克测试返回的 p 值为 > 0.05，因此我可以假设数据是从正态分布中提取的，然后使用参数测试。
HI-OE-R-EX-7-56247-2	t 检验显示的 p 值小于 0.05，因此我接受了另一种假设，即药物对所考虑患者压力的影响可扩展到整个人群。	hypothesis	1	1		HI-OE-R-EX-7-GS-2	查看 p 值 < 0.05，我可以得出结论，在样本中观察到的差异具有统计学意义，它向总体通用，因此药物具有效果。
HI-OE-R-EX-1-63211-1	p 值> 0.05 正态分布	normality	0.8	1		HI-OE-R-EX-1-GS-1	由于夏皮罗威尔克测试返回的 p 值> 0.05，因此我可以假设数据是从正态分布中提取的，然后使用参数化测试。
HI-OE-R-EX-7-56248-2	我执行参数化测试't-test'，这给了我一个小于0.05的p值：也就是说，由于药物的作用，压阳压力已经降低。	hypothesis	0.9	1		HI-OE-R-EX-7-GS-2	查看 p 值 < 0.05，我可以得出结论，在样本中观察到的差异具有统计学意义，它向总体通用，因此药物具有效果。
HI-OE-R-184-55081-2	从 t 检验中获得的 p 值小于 0.05，因此差异具有统计显著性，可以推广到总体。	hypothesis	0	0		HI-OE-R-184-GS-2	由于 p 值为 > 0.05，因此我无法将样本中观察到的结果概括为总体，因此男性和女性之间没有统计学上显著的平均压力差。
HI-OE-R-186-10087-1	与正态性测试来一个 p 值> 0.05， 所以变量是正态分布	normality	1	1		HI-OE-R-186-GS-1	由于夏皮罗威尔克测试返回的 p 值为 > 0.05，因此我可以假设数据是从正态分布中提取的，然后使用参数测试。
HI-OE-R-179-55104-1	p 值大于 0.05，因此变量是正向分布的	normality	1	1		HI-OE-R-179-GS-1	由于夏皮罗威尔克测试返回的 p 值为 > 0.05，因此我可以假设数据是从正态分布中提取的，然后使用参数测试。
HI-OE-R-182-57188-1	夏皮罗测试显示一个大于 0.05 的 p 值，因此我可以说儿童高度的分布是正态分布的。	normality	1	1		HI-OE-R-182-GS-1	由于夏皮罗威尔克测试返回的 p 值为 > 0.05，因此我可以假设数据是从正态分布中提取的，然后使用参数测试。
HI-OE-R-EX-3-53970-1	变量是正常的。我要继续与阿诺瓦	normality	0.6	1		HI-OE-R-EX-3-GS-1	由于夏皮罗威尔克测试返回的所有 p 值> 0.05，因此我可以假设数据是从正态分布中提取的，然后使用参数测试。
HI-OE-R-EX-3-9575-1	正态性测试使我们了解变量"Voto"是正态分布的，然后我们可以继续进行ANOVA测试（因为我们有两个变量"Trattoria"的两个多组）。	normality	0.8	1		HI-OE-R-EX-3-GS-1	由于夏皮罗威尔克测试返回的所有 p 值> 0.05，因此我可以假设数据是从正态分布中提取的，然后使用参数测试。
HI-OE-R-EX-6-53927-2	p 值大于 0.05，因此可视为正态分布	normality	1	1		HI-OE-R-EX-6-GS-1	由于夏皮罗威尔克测试返回的所有 p 值> 0.05，因此我可以假设数据是从正态分布中提取的，然后使用参数测试。
HI-OE-R-181-54787-1	时间变量的 shapiro.test 给出的 p 值大于 0.05，因此变量是正向分布的。	normality	1	1		HI-OE-R-181-GS-1	由于夏皮罗威尔克测试返回的 p 值为 > 0.05，因此我可以假设数据是从正态分布中提取的，然后使用参数测试。
HI-OE-R-184-55282-1	特别是，男女在运动后的压力是不同的，女性（F）的压力比男性（M）高。但是，测试没有显著差异，因此不可能将结果扩展到两个测试的整个总体，因为 p 值的值大于 0.05。	hypothesis	1	1		HI-OE-R-184-GS-2	由于 p 值为 > 0.05，因此我无法将样本中观察到的结果概括为总体，因此男性和女性之间没有统计学上显著的平均压力差。
HI-OE-R-EX-3-63062-1	所有 P 值 >0.05 所以参数测试 （ANOVA）， 因为分布是正态的	normality	1	1		HI-OE-R-EX-3-GS-1	由于夏皮罗威尔克测试返回的所有 p 值> 0.05，因此我可以假设数据是从正态分布中提取的，然后使用参数测试。
HI-OE-R-EX-2-63058-2	pvalue<0.05...我比较变量	hypothesis	0.6	1		HI-OE-R-EX-2-GS-2	p 值为 < 0.05，因此我可以将样本中观察到的差异概括为总体，该差异具有统计显著性。
HI-OE-R-EX-4-63613-1	虽然在我的样本中， 金发女郎看起来比 M 和 R 更好， 但现实是， 我不能将结果概括为人口	hypothesis	0.9	1		HI-OE-R-EX-4-GS-1	由于 Kruskal Wallis 测试给了我 大于 0.05 的 p 值 ，因此我不能将样本中所看到的值概括为总体值，因此我没有统计学上显著差异，因此并非所有男性都喜欢金发。
HI-OE-R-178-54820-1	p 值 > 0.05，因此正态分布	normality	0.8	1		HI-OE-R-178-GS-1	由于夏皮罗威尔克测试返回的 p 值为 > 0.05，因此我可以假设数据是从正态分布中提取的，然后使用参数测试。
HI-OE-R-188-55314-1	为了验证时间变量的正态性，Shapiro 测试的结果为 p 值大于 0.05（alpha），可确保其正态性并允许继续进行参数化测试	normality	1	1		HI-OE-R-188-GS-1	由于夏皮罗威尔克测试返回的 p 值> 0.05，因此我可以假设数据是从正态分布中提取的。
HI-OE-R-EX-7-52957-1	数据显示，在大多数情况下，服用药物后血压值下降;但是，由于 t 检验的 p 值小于 0.05，因此该研究无法扩展到整个总体。	hypothesis	0.4	0		HI-OE-R-EX-7-GS-2	查看 p 值 < 0.05，我可以得出结论，在样本中观察到的差异具有统计学意义，它向总体通用，因此药物具有效果。
HI-OE-R-180-55031-2	通过对独立数据的 t 测试，我得到一个 p 值 > 0.05，因此测试在统计上没有显著性，因此我不能将假设结果概括为总体。	hypothesis	1	1		HI-OE-R-180-GS-2	由于 t 检验返回 p 值 < 0.05，我可以将样本中观察到的结果概括为总体，因此父子之间的身高平均具有统计学上显著差异。
HI-OE-R-178-10006-2	出生体重有显著差异，这取决于母亲是否是吸烟者，是p值小于0.05。	hypothesis	0.4	0		HI-OE-R-178-GS-2	由于 t-test 返回 p 值 > 0.05，因此我无法对样本中观察到的结果进行概括，因此吸烟母亲的子女之间没有统计学上显著的平均体重差异。
HI-OE-R-EX-8-53627-1	P 值为 >0.05， 因此测试在统计上没有显著性， 秃头和卡佩卢蒂之间没有区别	hypothesis	1	1		HI-OE-R-EX-8-GS-1	看看p > 0.05 的值，我可以得出结论，在样本中观察到的差异在统计学上没有显著性，没有向人群推广，因此秃顶男人不再有吸引力。
HI-OE-R-EX-1-63051-1	p 值>0.05 正态分布。对2个独立样品进行参数化测试	normality	0.8	1		HI-OE-R-EX-1-GS-1	由于夏皮罗威尔克测试返回的 p 值> 0.05，因此我可以假设数据是从正态分布中提取的，然后使用参数化测试。
HI-OE-R-EX-3-54702-1	变量是正常的	normality	0.6	1		HI-OE-R-EX-3-GS-1	由于夏皮罗威尔克测试返回的所有 p 值> 0.05，因此我可以假设数据是从正态分布中提取的，然后使用参数测试。
HI-OE-R-178-54864-3	从 t.test 的结果中，我注意到 p 值的值略大于 0.05，因此获得的结果在统计上没有显著性（为了在统计上考虑它相关性，它应该较少）	hypothesis	0.9	1		HI-OE-R-178-GS-2	由于 t-test 返回 p 值 > 0.05，因此我无法对样本中观察到的结果进行概括，因此吸烟母亲的子女之间没有统计学上显著的平均体重差异。
HI-OE-R-182-57188-2	夏皮罗测试显示一个大于 0.05 的 p 值，因此它是正平分布的;这样我就可以采用参数化测试， 作为两个独立的样本， 我做一个 t 测试。	normality	1	1		HI-OE-R-182-GS-1	由于夏皮罗威尔克测试返回的 p 值为 > 0.05，因此我可以假设数据是从正态分布中提取的，然后使用参数测试。
HI-OE-R-EX-7-56285-1	使用夏皮罗测试获得的 p 值大于 0.05，因此我选择配对数据的 t 测试。	normality	0.8	1		HI-OE-R-EX-7-GS-1	由于夏皮罗威尔克测试返回的所有 p 值> 0.05，因此我可以假设数据是从正态分布中提取的，然后使用参数测试。
HI-OE-R-184-62567-1	假设检验表明，数据不能推广到整个总体;事实上，男性和女性的压力值差异在统计学上并不显著。	hypothesis	0.9	1		HI-OE-R-184-GS-2	由于 p 值为 > 0.05，因此我无法将样本中观察到的结果概括为总体，因此男性和女性之间没有统计学上显著的平均压力差。
HI-OE-R-EX-7-62884-1	数据是正常的，因为两个 p 值大于 0.05，因此可以应用参数测试 t 测试。	normality	0.9	1		HI-OE-R-EX-7-GS-1	由于夏皮罗威尔克测试返回的所有 p 值> 0.05，因此我可以假设数据是从正态分布中提取的，然后使用参数测试。
HI-OE-R-184-10014-4	由于P值大于0.05，我无法将样本分析所得结果概括为整个人群，即锻炼后，女性平均有较高的压量在我的样本中，但我不能告诉整个人口，因为我有很高的出错概率。	hypothesis	0.6	1		HI-OE-R-184-GS-2	由于 p 值为 > 0.05，因此我无法将样本中观察到的结果概括为总体，因此男性和女性之间没有统计学上显著的平均压力差。
HI-OE-R-184-55390-1	由于夏皮罗测试返回大于 0.05 的 p 值，我们可以说变量是正向分布的，如有必要，则继续进行参数化测试。	normality	1	1		HI-OE-R-184-GS-1	由于夏皮罗威尔克测试返回的 p 值为 > 0.05，因此我可以假设数据是从正态分布中提取的，然后使用参数测试。
HI-OE-R-EX-6-9738-1	由于 p>0.05，我们注意到分布是正态的，然后继续进行参数化分析	normality	1	1		HI-OE-R-EX-6-GS-1	由于夏皮罗威尔克测试返回的所有 p 值> 0.05，因此我可以假设数据是从正态分布中提取的，然后使用参数测试。
HI-OE-R-183-57177-2	使用夏皮罗获得的 p 值大于 0.05，因此我执行 t 检验。	normality	0.8	1		HI-OE-R-183-GS-1	由于夏皮罗威尔克测试返回的 p 值为 > 0.05，因此我可以假设数据是从正态分布中提取的，然后使用参数测试。
HI-OE-R-EX-3-53254-2	由于 p 值小于 0.05， 我们可以得出结论， 三个三个三个三个之间的投票是不同的， 所以我进行后期比较	hypothesis	0.9	1		HI-OE-R-EX-3-GS-2	查看 p 值 < 0.05，我可以得出结论，在样本中观察到的差异是可概括的，这种差异在统计学上是显著的，因此，三元对煮羊的烹饪方式不同。
HI-OE-R-EX-1-56266-1	计算数值变量的平均值后，正态性测试突出显示了使用参数化测试的需要。	normality	0.6	1		HI-OE-R-EX-1-GS-1	由于夏皮罗威尔克测试返回的 p 值> 0.05，因此我可以假设数据是从正态分布中提取的，然后使用参数化测试。
HI-OE-R-EX-7-53062-2	使用T-test（参数测试）对两组可以证实，由于药物血压的影响已经降低。这可以说因为 P 值小于 0.05，即两个组之间有统计学上显著的差异。	hypothesis	1	1		HI-OE-R-EX-7-GS-2	查看 p 值 < 0.05，我可以得出结论，在样本中观察到的差异具有统计学意义，它向总体通用，因此药物具有效果。
HI-OE-R-EX-2-51466-1	由于 p 值是 < 0.05， 啤酒之间的投票差异很大	hypothesis	0.9	1		HI-OE-R-EX-2-GS-2	p 值为 < 0.05，因此我可以将样本中观察到的差异概括为总体，该差异具有统计显著性。
HI-OE-R-186-55069-1	p>0.05 变量是正向分布的	normality	1	1		HI-OE-R-186-GS-1	由于夏皮罗威尔克测试返回的 p 值为 > 0.05，因此我可以假设数据是从正态分布中提取的，然后使用参数测试。
HI-OE-R-EX-6-54515-1	变量 X 是正向分布的，因为 p 值>0.05	normality	1	1		HI-OE-R-EX-6-GS-1	由于夏皮罗威尔克测试返回的所有 p 值> 0.05，因此我可以假设数据是从正态分布中提取的，然后使用参数测试。
HI-OE-R-EX-6-53860-1	法线变量	normality	0.6	1		HI-OE-R-EX-6-GS-1	由于夏皮罗威尔克测试返回的所有 p 值> 0.05，因此我可以假设数据是从正态分布中提取的，然后使用参数测试。
HI-OE-R-EX-5-9798-1	由于它是序号分类变量，因此不创建平均值，而是提供的数据中位数。事实证明，秃头男人比卡佩卢蒂更有吸引力，随后的 wilcox.test 允许我们概括样本的结果	hypothesis	0.8	1		HI-OE-R-EX-5-GS-1	由于 Wilcoxon 测试给了我 小于0.05 的 p 值，我可以将样本中所看到的值概括为人群，因此我有统计学上的显著差异，因此头发移植使男性更具吸引力。
HI-OE-R-EX-1-53038-1	由于 p 值大于 0.05（对于"案例"和"控制"），我接受没有假设，即数据根据正态分布分布;因此，我可以继续进行参数化测试。	normality	1	1		HI-OE-R-EX-1-GS-1	由于夏皮罗威尔克测试返回的 p 值> 0.05，因此我可以假设数据是从正态分布中提取的，然后使用参数化测试。
HI-OE-R-EX-3-57399-1	从 ANOVA 中，给三个三个三元标记之间似乎存在统计学上显著的差异。	hypothesis	0.8	1		HI-OE-R-EX-3-GS-2	查看 p 值 < 0.05，我可以得出结论，在样本中观察到的差异是可概括的，这种差异在统计学上是显著的，因此，三元对煮羊的烹饪方式不同。
HI-OE-R-183-55121-2	在分析由于 t.test 执行的配对数据后，我们可以看到 p 值很重要，因此我们可以接受替代假设	hypothesis	0.8	1		HI-OE-R-183-GS-2	由于 p 值为 < 0.05，我可以将样本中观察到的结果概括为总体，因此运动后压力在统计学上显著增加。
HI-OE-R-EX-4-9162-1	只有在金发女郎和黑莓的比较中， p 值小于 0.05， 所以只有在这种情况下， 我才能对样本分析的结果进行对比， 也就是说， 男人更喜欢金发女郎而不是红色	hypothesis	0.2	0		HI-OE-R-EX-4-GS-1	由于 Kruskal Wallis 测试给了我 大于 0.05 的 p 值 ，因此我不能将样本中所看到的值概括为总体值，因此我没有统计学上显著差异，因此并非所有男性都喜欢金发。
HI-OE-R-EX-7-52883-1	样品内药物分布后平均压力下降	hypothesis	0.2	0		HI-OE-R-EX-7-GS-2	查看 p 值 < 0.05，我可以得出结论，在样本中观察到的差异具有统计学意义，它向总体通用，因此药物具有效果。
HI-OE-R-187-9999-1	p 值大于 0.05，因此可将分布视为正态	normality	1	1		HI-OE-R-187-GS-1	由于夏皮罗威尔克测试返回的 p 值为 > 0.05，因此我可以假设数据是从正态分布中提取的，然后使用参数测试。
HI-OE-R-178-55231-2	要比较的数据是正向分布的（p值>0.05）：我们可以使用参数化测试。	normality	0.8	1		HI-OE-R-178-GS-1	由于夏皮罗威尔克测试返回的 p 值为 > 0.05，因此我可以假设数据是从正态分布中提取的，然后使用参数测试。
HI-OE-R-181-62626-1	由于 P 值大于 0.05，因此分布可视为正态	normality	1	1		HI-OE-R-181-GS-1	由于夏皮罗威尔克测试返回的 p 值为 > 0.05，因此我可以假设数据是从正态分布中提取的，然后使用参数测试。
HI-OE-R-EX-2-53267-1	从夏皮罗测试看来，所有模式都是正常的，因为 p 值大于 0.05，因此，由于模式超过两种，因此我们继续使用 ANOVA。	normality	1	1		HI-OE-R-EX-2-GS-1	由于夏皮罗威尔克测试返回的所有 p 值> 0.05，因此我可以假设数据是从正态分布中提取的，然后使用参数测试。
HI-OE-R-182-54869-3	独立样本的参数化测试返回的 p 值为 <0.05，因此我可以得出结论，通过计算样本中男女儿童身高的平均值而出现的身高差异具有统计学意义，即对整个总体通用	hypothesis	0.8	1		HI-OE-R-182-GS-2	由于 p 值为 < 0.05，我可以将样本中观察到的结果概括为总体值，因此男性和女性身高存在平均统计显著差异。
HI-OE-R-EX-1-63811-1	从正态性测试中，我评估 p.值都是 >0.05，因此样本遵循正态分布，因此我将执行 t.test	normality	1	1		HI-OE-R-EX-1-GS-1	由于夏皮罗威尔克测试返回的 p 值> 0.05，因此我可以假设数据是从正态分布中提取的，然后使用参数化测试。
HI-OE-R-186-10103-1	它可以被视为正常值>0.05	normality	0.6	1		HI-OE-R-186-GS-1	由于夏皮罗威尔克测试返回的 p 值为 > 0.05，因此我可以假设数据是从正态分布中提取的，然后使用参数测试。
HI-OE-R-182-55448-3	p 值小于 0.05，因此我们不能接受假设，但我们必须接受替代假设，即这两个类别之间有统计学上显著的差异。从两类的平均值看，男性儿子的平均身高大于女性女儿的身高。	hypothesis	1	1		HI-OE-R-182-GS-2	由于 p 值为 < 0.05，我可以将样本中观察到的结果概括为总体值，因此男性和女性身高存在平均统计显著差异。
HI-OE-R-EX-2-54624-1	参数测试。	normality	0.6	1		HI-OE-R-EX-2-GS-1	由于夏皮罗威尔克测试返回的所有 p 值> 0.05，因此我可以假设数据是从正态分布中提取的，然后使用参数测试。
HI-OE-R-EX-7-54394-1	由于 t.test 返回的 p 值小于 0.05，因此我可以对获得的结果进行概括;因此，由于药物的作用，血压已经下降。	hypothesis	1	1		HI-OE-R-EX-7-GS-2	查看 p 值 < 0.05，我可以得出结论，在样本中观察到的差异具有统计学意义，它向总体通用，因此药物具有效果。
HI-OE-R-179-55249-3	由于 p 值大于 0.05，因此参数化测试不显著。这意味着男性出生体重与女性出生体重在人口水平上没有统计学上显著差异。	hypothesis	1	1		HI-OE-R-179-GS-2	由于 t 检验返回 p 值 > 0.05，因此我无法将样本中观察到的结果概括为总体，因此男女儿童之间没有统计学上显著的平均体重差异。
HI-OE-R-EX-3-54344-1	p 值 >0.05，在所有变量均值分布的三种情况下。	normality	1	1		HI-OE-R-EX-3-GS-1	由于夏皮罗威尔克测试返回的所有 p 值> 0.05，因此我可以假设数据是从正态分布中提取的，然后使用参数测试。
HI-OE-R-181-54857-2	在这种情况下，p 值小于 0.05;在这种情况下，p 值小于 0.05;因此，应用于这两个变量的测试是显著的，并且两个变量"干预执行时间 A"和"干预时间B"之间有统计差异。	hypothesis	0.9	1		HI-OE-R-181-GS-2	由于 t 检验返回 p 值 < 0.05，因此我可以将样本中观察到的结果概括为总体，因此手术 A 和 B 之间的统计符号执行时间存在差异。
HI-OE-R-181-55431-3	在对独立数据进行参数化分析后，我得到两种手术之间手术执行时间的差异具有统计学意义，因此它适用于总体，因为 p 值小于 0.05。	hypothesis	1	1		HI-OE-R-181-GS-2	由于 t 检验返回 p 值 < 0.05，因此我可以将样本中观察到的结果概括为总体，因此手术 A 和 B 之间的统计符号执行时间存在差异。
HI-OE-R-EX-6-53586-1	P>0.05 这是正态分布	normality	0.8	1		HI-OE-R-EX-6-GS-1	由于夏皮罗威尔克测试返回的所有 p 值> 0.05，因此我可以假设数据是从正态分布中提取的，然后使用参数测试。
HI-OE-R-EX-5-52570-1	p 值大于 0.05， 因此披肩和秃头之间的差值在统计上没有显著性	hypothesis	0.4	0		HI-OE-R-EX-5-GS-1	由于 Wilcoxon 测试给了我 小于0.05 的 p 值，我可以将样本中所看到的值概括为人群，因此我有统计学上的显著差异，因此头发移植使男性更具吸引力。
HI-OE-R-184-55081-1	p 值大于 0.05，因此压力可视为正常	normality	1	1		HI-OE-R-184-GS-1	由于夏皮罗威尔克测试返回的 p 值为 > 0.05，因此我可以假设数据是从正态分布中提取的，然后使用参数测试。
HI-OE-R-181-55431-1	为了验证正态性，我执行夏皮罗测试，并据此假设干预的执行时间分布是正态的，因为 p 值大于 0.05。	normality	1	1		HI-OE-R-181-GS-1	由于夏皮罗威尔克测试返回的 p 值为 > 0.05，因此我可以假设数据是从正态分布中提取的，然后使用参数测试。
HI-OE-R-182-55448-2	从两个正态度测试中获得的 p 值大于 0.05。因此，我们接受两个空假设。因此，男性和女性的高度均以正向分布，两个变量是参数化的。因此，我们继续对独立数据的 t 测试。	normality	1	1		HI-OE-R-182-GS-1	由于夏皮罗威尔克测试返回的 p 值为 > 0.05，因此我可以假设数据是从正态分布中提取的，然后使用参数测试。
HI-OE-R-EX-7-53062-1	由于血压是一个数字变量，执行统计分析，并能够看到是否有药物的效果，你测试药物正常之前和之后的药物通过夏皮罗-威尔克测试。这将知道是否应使用参数测试或非参数测试。两个 P 值都大于 0.05，因此您有两个正常部署，然后可以使用参数测试来比较这两个组。	normality	1	1		HI-OE-R-EX-7-GS-1	由于夏皮罗威尔克测试返回的所有 p 值> 0.05，因此我可以假设数据是从正态分布中提取的，然后使用参数测试。
HI-OE-R-EX-7-63706-1	p 值 < 0.05， 所以测试是显著的， 浪费 h0， 比较平均值与 t - test 我假设血压已经下降， 由于药物。	hypothesis	1	1		HI-OE-R-EX-7-GS-2	查看 p 值 < 0.05，我可以得出结论，在样本中观察到的差异具有统计学意义，它向总体通用，因此药物具有效果。
HI-OE-R-181-55137-1	由于 p 值>0.05，我们可以考虑时间变量正常分布。	normality	1	1		HI-OE-R-181-GS-1	由于夏皮罗威尔克测试返回的 p 值为 > 0.05，因此我可以假设数据是从正态分布中提取的，然后使用参数测试。
HI-OE-R-EX-5-63887-1	从中位数和控制测试， 它似乎卡佩卢蒂男人更有吸引力， 但测试给了我们一个 p 值， 告诉我们测试不显著	hypothesis	0	0		HI-OE-R-EX-5-GS-1	由于 Wilcoxon 测试给了我 小于0.05 的 p 值，我可以将样本中所看到的值概括为人群，因此我有统计学上的显著差异，因此头发移植使男性更具吸引力。
HI-OE-R-180-57200-3	p 值大于 0.05，因此我们接受高度没有统计显著差异的假设。	hypothesis	0.4	0		HI-OE-R-180-GS-2	由于 t 检验返回 p 值 < 0.05，我可以将样本中观察到的结果概括为总体，因此父子之间的身高平均具有统计学上显著差异。
HI-OE-R-181-54857-1	查看夏皮罗测试的结果，您可以看到 p 值大于常规值 0.05。因此，干预时间的分配是正常的。	normality	0.8	1		HI-OE-R-181-GS-1	由于夏皮罗威尔克测试返回的 p 值为 > 0.05，因此我可以假设数据是从正态分布中提取的，然后使用参数测试。
HI-OE-R-182-55464-1	可以说，男性的高度大于女性	hypothesis	0.6	1		HI-OE-R-182-GS-2	由于 p 值为 < 0.05，我可以将样本中观察到的结果概括为总体值，因此男性和女性身高存在平均统计显著差异。
