HI-OE-R-178-10006-2	出生体重有显著差异，这取决于母亲是否是吸烟者，是p值小于0.05。	hypothesis	0.4	0		HI-OE-R-178-GS-2	由于 t-test 返回 p 值 > 0.05，因此我无法对样本中观察到的结果进行概括，因此吸烟母亲的子女之间没有统计学上显著的平均体重差异。
HI-OE-R-178-54820-2	差值在统计上不显著，为 p 值>0.05	hypothesis	0.9	1		HI-OE-R-178-GS-2	由于 t-test 返回 p 值 > 0.05，因此我无法对样本中观察到的结果进行概括，因此吸烟母亲的子女之间没有统计学上显著的平均体重差异。
HI-OE-R-178-54864-3	从 t.test 的结果中，我注意到 p 值的值略大于 0.05，因此获得的结果在统计上没有显著性（为了在统计上考虑它相关性，它应该较少）	hypothesis	0.9	1		HI-OE-R-178-GS-2	由于 t-test 返回 p 值 > 0.05，因此我无法对样本中观察到的结果进行概括，因此吸烟母亲的子女之间没有统计学上显著的平均体重差异。
HI-OE-R-178-55047-3	所以你可以看到， 3.9 的差异是非常高的， 这表明吸烟的母亲将有更薄的孩子	hypothesis	0	0		HI-OE-R-178-GS-2	由于 t-test 返回 p 值 > 0.05，因此我无法对样本中观察到的结果进行概括，因此吸烟母亲的子女之间没有统计学上显著的平均体重差异。
HI-OE-R-178-55231-3	由于p值>0.05，我们不能说吸烟者和非吸烟者的子女之间有统计学上显著的区别。	hypothesis	0.8	1		HI-OE-R-178-GS-2	由于 t-test 返回 p 值 > 0.05，因此我无法对样本中观察到的结果进行概括，因此吸烟母亲的子女之间没有统计学上显著的平均体重差异。
HI-OE-R-178-55443-2	由于 p 值为 > 0.05，因此没有统计显著差异。	hypothesis	0.9	1		HI-OE-R-178-GS-2	由于 t-test 返回 p 值 > 0.05，因此我无法对样本中观察到的结果进行概括，因此吸烟母亲的子女之间没有统计学上显著的平均体重差异。
HI-OE-R-179-10026-2	自 p<0.05 起，两个变量之间的差值具有统计显著性	hypothesis	0	0		HI-OE-R-179-GS-2	由于 t 检验返回 p 值 > 0.05，因此我无法将样本中观察到的结果概括为总体，因此男女儿童之间没有统计学上显著的平均体重差异。
HI-OE-R-179-54811-2	p 值为 > 0.05，因此权重之间的差值在统计上不显著	hypothesis	0.8	1		HI-OE-R-179-GS-2	由于 t 检验返回 p 值 > 0.05，因此我无法将样本中观察到的结果概括为总体，因此男女儿童之间没有统计学上显著的平均体重差异。
HI-OE-R-179-55249-3	由于 p 值大于 0.05，因此参数化测试不显著。这意味着男性出生体重与女性出生体重在人口水平上没有统计学上显著差异。	hypothesis	1	1		HI-OE-R-179-GS-2	由于 t 检验返回 p 值 > 0.05，因此我无法将样本中观察到的结果概括为总体，因此男女儿童之间没有统计学上显著的平均体重差异。
HI-OE-R-179-55302-3	p 值>0.05，因此儿童出生时体重平均值的差异并不显著，因此体重不受性别影响。	hypothesis	0.8	1		HI-OE-R-179-GS-2	由于 t 检验返回 p 值 > 0.05，因此我无法将样本中观察到的结果概括为总体，因此男女儿童之间没有统计学上显著的平均体重差异。
HI-OE-R-180-54875-1	p 值为 > 0.05，因此变量之间的差值并不显著	hypothesis	0.4	0		HI-OE-R-180-GS-2	由于 t 检验返回 p 值 < 0.05，我可以将样本中观察到的结果概括为总体，因此父子之间的身高平均具有统计学上显著差异。
HI-OE-R-180-55031-2	通过对独立数据的 t 测试，我得到一个 p 值 > 0.05，因此测试在统计上没有显著性，因此我不能将假设结果概括为总体。	hypothesis	1	1		HI-OE-R-180-GS-2	由于 t 检验返回 p 值 < 0.05，我可以将样本中观察到的结果概括为总体，因此父子之间的身高平均具有统计学上显著差异。
HI-OE-R-180-55037-3	p 值小于 0.05，因此测试可以推广到人口，因此我们可以说孩子的高度大于父亲的身高	hypothesis	1	1		HI-OE-R-180-GS-2	由于 t 检验返回 p 值 < 0.05，我可以将样本中观察到的结果概括为总体，因此父子之间的身高平均具有统计学上显著差异。
HI-OE-R-180-55077-1	也从最后一个 p 值， 我可以理解， 测试是重要的， 因为 p 值< 0.05	hypothesis	0.8	1		HI-OE-R-180-GS-2	由于 t 检验返回 p 值 < 0.05，我可以将样本中观察到的结果概括为总体，因此父子之间的身高平均具有统计学上显著差异。
HI-OE-R-180-55324-3	p 值的结果小于 0.05，因此可以说，从假设检验中获得的结果对整个总体是通用的;因此，孩子的高度比父亲高。	hypothesis	1	1		HI-OE-R-180-GS-2	由于 t 检验返回 p 值 < 0.05，我可以将样本中观察到的结果概括为总体，因此父子之间的身高平均具有统计学上显著差异。
HI-OE-R-180-55454-3	从刚刚进行的参数化测试获得的p值中，可以说，在样本水平上发现的父辈和各自子女身高之间的差值是通用的，因此适用于整个人口。这一解释是 p 值的值小于 0.05，因此，这是一个统计显著差异。	hypothesis	1	1		HI-OE-R-180-GS-2	由于 t 检验返回 p 值 < 0.05，我可以将样本中观察到的结果概括为总体，因此父子之间的身高平均具有统计学上显著差异。
HI-OE-R-180-57200-3	p 值大于 0.05，因此我们接受高度没有统计显著差异的假设。	hypothesis	0.4	0		HI-OE-R-180-GS-2	由于 t 检验返回 p 值 < 0.05，我可以将样本中观察到的结果概括为总体，因此父子之间的身高平均具有统计学上显著差异。
HI-OE-R-180-57232-2	该测试为我们提供了 0.3232（>0.05）的 p 值，因此，尽管这些分布的平均值（平均值 -3.416667 之间的差值）之间有差异，但并不是具有粗壮的表示。	hypothesis	0	0		HI-OE-R-180-GS-2	由于 t 检验返回 p 值 < 0.05，我可以将样本中观察到的结果概括为总体，因此父子之间的身高平均具有统计学上显著差异。
HI-OE-R-181-54787-2	然后，我继续进行参数化测试，特别是对独立数据的 t-test。t 检验产生的 p 值小于 0.05，因此这是一个可以扩展到总体并通用的重大统计差异。手术的执行时间在两种类型的手术之间是不同的。	hypothesis	1	1		HI-OE-R-181-GS-2	由于 t 检验返回 p 值 < 0.05，因此我可以将样本中观察到的结果概括为总体，因此手术 A 和 B 之间的统计符号执行时间存在差异。
HI-OE-R-181-54857-2	在这种情况下，p 值小于 0.05;在这种情况下，p 值小于 0.05;因此，应用于这两个变量的测试是显著的，并且两个变量"干预执行时间 A"和"干预时间B"之间有统计差异。	hypothesis	0.9	1		HI-OE-R-181-GS-2	由于 t 检验返回 p 值 < 0.05，因此我可以将样本中观察到的结果概括为总体，因此手术 A 和 B 之间的统计符号执行时间存在差异。
HI-OE-R-181-55137-2	查看测试的输出，我们注意到 p 值为 < 0.050.05。这意味着干预 A 和干预 B 之间的时间变量差异很大。	hypothesis	0.9	1		HI-OE-R-181-GS-2	由于 t 检验返回 p 值 < 0.05，因此我可以将样本中观察到的结果概括为总体，因此手术 A 和 B 之间的统计符号执行时间存在差异。
HI-OE-R-181-55243-3	给定小于 0.05 的 p 值，我可以将我的假设概括为整个总体	hypothesis	0.8	1		HI-OE-R-181-GS-2	由于 t 检验返回 p 值 < 0.05，因此我可以将样本中观察到的结果概括为总体，因此手术 A 和 B 之间的统计符号执行时间存在差异。
HI-OE-R-181-55308-2	由于两个变量的 p.值小于 0.05，因此可以进行通用，因此意味着两种类型的干预之间是有区别的。特别是，干预 A 是在小于干预 B 的时间进行。	hypothesis	0.8	1		HI-OE-R-181-GS-2	由于 t 检验返回 p 值 < 0.05，因此我可以将样本中观察到的结果概括为总体，因此手术 A 和 B 之间的统计符号执行时间存在差异。
HI-OE-R-181-55426-2	由于 p 值小于 0.05，因此样本是通用的（反映在总体中）。	hypothesis	0.8	1		HI-OE-R-181-GS-2	由于 t 检验返回 p 值 < 0.05，因此我可以将样本中观察到的结果概括为总体，因此手术 A 和 B 之间的统计符号执行时间存在差异。
HI-OE-R-181-55431-3	在对独立数据进行参数化分析后，我得到两种手术之间手术执行时间的差异具有统计学意义，因此它适用于总体，因为 p 值小于 0.05。	hypothesis	1	1		HI-OE-R-181-GS-2	由于 t 检验返回 p 值 < 0.05，因此我可以将样本中观察到的结果概括为总体，因此手术 A 和 B 之间的统计符号执行时间存在差异。
HI-OE-R-181-57208-2	由于正态性测试返回的 p 值大于 0.05，我能够得出结论，最合适的测试统计是由参数化测试表示的，更具体地说，是独立数据的 t 检验。此分析提供的 p 值小于 0.05，这就是为什么我拒绝这一假设，并得出结论，事实上，两种干预措施的执行时间平均值实际上不同。	hypothesis	1	1		HI-OE-R-181-GS-2	由于 t 检验返回 p 值 < 0.05，因此我可以将样本中观察到的结果概括为总体，因此手术 A 和 B 之间的统计符号执行时间存在差异。
HI-OE-R-181-62626-3	由于 p 值小于 0.05， 我们可以说， 两种类型的手术之间时间差异很大	hypothesis	0.9	1		HI-OE-R-181-GS-2	由于 t 检验返回 p 值 < 0.05，因此我可以将样本中观察到的结果概括为总体，因此手术 A 和 B 之间的统计符号执行时间存在差异。
HI-OE-R-181-62630-2	统计分析表明，两种干预的执行时间确实存在显著差异，即 p 值<0.05	hypothesis	0.9	1		HI-OE-R-181-GS-2	由于 t 检验返回 p 值 < 0.05，因此我可以将样本中观察到的结果概括为总体，因此手术 A 和 B 之间的统计符号执行时间存在差异。
HI-OE-R-181-55277-2	上述统计分析显示 a-b 小于 0.05（参见 p adj）之间的差值，这意味着两种类型的奇鲁吉亚之间有统计学上显著的差异，而且时间最致数是 A。	hypothesis	1	1		HI-OE-R-181-GS-2	由于 t 检验返回 p 值 < 0.05，因此我可以将样本中观察到的结果概括为总体，因此手术 A 和 B 之间的统计符号执行时间存在差异。
HI-OE-R-182-54869-3	独立样本的参数化测试返回的 p 值为 <0.05，因此我可以得出结论，通过计算样本中男女儿童身高的平均值而出现的身高差异具有统计学意义，即对整个总体通用	hypothesis	0.8	1		HI-OE-R-182-GS-2	由于 p 值为 < 0.05，我可以将样本中观察到的结果概括为总体值，因此男性和女性身高存在平均统计显著差异。
HI-OE-R-182-55027-2	由于 p 值小于 0.05，我必须拒绝无假设并接受替代假设，即男性和女性之间的身高平均值之间的差值具有统计学意义。	hypothesis	0.9	1		HI-OE-R-182-GS-2	由于 p 值为 < 0.05，我可以将样本中观察到的结果概括为总体值，因此男性和女性身高存在平均统计显著差异。
HI-OE-R-182-55412-2	这使我能够拒绝任何假设，即没有真正的差异，但我的样本中的差异是偶然给出的，并且说两个样本之间的差异在统计上是显著的。我可以说，在100个随机试验中，超过95个试验表明，男儿子比女女儿高。	hypothesis	0.8	1		HI-OE-R-182-GS-2	由于 p 值为 < 0.05，我可以将样本中观察到的结果概括为总体值，因此男性和女性身高存在平均统计显著差异。
HI-OE-R-182-55448-3	p 值小于 0.05，因此我们不能接受假设，但我们必须接受替代假设，即这两个类别之间有统计学上显著的差异。从两类的平均值看，男性儿子的平均身高大于女性女儿的身高。	hypothesis	1	1		HI-OE-R-182-GS-2	由于 p 值为 < 0.05，我可以将样本中观察到的结果概括为总体值，因此男性和女性身高存在平均统计显著差异。
HI-OE-R-182-55464-1	可以说，男性的高度大于女性	hypothesis	0.6	1		HI-OE-R-182-GS-2	由于 p 值为 < 0.05，我可以将样本中观察到的结果概括为总体值，因此男性和女性身高存在平均统计显著差异。
HI-OE-R-182-57188-3	t 检验显示的 p 值小于 0.05，因此测试具有统计显著性，我可以将它概括为总体。作为小于0.05的p值，我可以拒绝高度相等的零假设，并接受男性儿子的高度大于女女儿的高度的替代假设。	hypothesis	0.9	1		HI-OE-R-182-GS-2	由于 p 值为 < 0.05，我可以将样本中观察到的结果概括为总体值，因此男性和女性身高存在平均统计显著差异。
HI-OE-R-183-54796-3	p 值小于 0.05，因此具有统计显著性。	hypothesis	0.8	1		HI-OE-R-183-GS-2	由于 p 值为 < 0.05，我可以将样本中观察到的结果概括为总体，因此运动后压力在统计学上显著增加。
HI-OE-R-183-54849-2	由于 p 值小于 0.05，我们接受替代假设，即研究中的数据之间有统计学上显著的差异。	hypothesis	0.9	1		HI-OE-R-183-GS-2	由于 p 值为 < 0.05，我可以将样本中观察到的结果概括为总体，因此运动后压力在统计学上显著增加。
HI-OE-R-183-55121-2	在分析由于 t.test 执行的配对数据后，我们可以看到 p 值很重要，因此我们可以接受替代假设	hypothesis	0.8	1		HI-OE-R-183-GS-2	由于 p 值为 < 0.05，我可以将样本中观察到的结果概括为总体，因此运动后压力在统计学上显著增加。
HI-OE-R-183-55205-2	从 p 值结果看，我们可以说，小于 0.05 时，运动前的压力与运动后的压力之间有统计学上显著的差异。	hypothesis	0.9	1		HI-OE-R-183-GS-2	由于 p 值为 < 0.05，我可以将样本中观察到的结果概括为总体，因此运动后压力在统计学上显著增加。
HI-OE-R-183-55225-2	使用 T 检验（参数统计分析测试）对成数据，注意到 P 值小于 0.05，因此此测试可扩展到整个总体，并显示出统计显著差异。此外，由于 T-Test，我们知道运动前的平均压力与运动后压力之间的差值等于 -6.75，也就是说，运动后压力在统计学上显著上升。	hypothesis	1	1		HI-OE-R-183-GS-2	由于 p 值为 < 0.05，我可以将样本中观察到的结果概括为总体，因此运动后压力在统计学上显著增加。
HI-OE-R-183-55339-2	压力在一年后显著上升，因为 p.值< 0.05	hypothesis	0.9	1		HI-OE-R-183-GS-2	由于 p 值为 < 0.05，我可以将样本中观察到的结果概括为总体，因此运动后压力在统计学上显著增加。
HI-OE-R-183-57169-2	由于 p 值为 < 0.05，因此锻炼前和锻炼后的压力差异具有统计显著性。结果是通用的。	hypothesis	1	1		HI-OE-R-183-GS-2	由于 p 值为 < 0.05，我可以将样本中观察到的结果概括为总体，因此运动后压力在统计学上显著增加。
HI-OE-R-184-10014-4	由于P值大于0.05，我无法将样本分析所得结果概括为整个人群，即锻炼后，女性平均有较高的压量在我的样本中，但我不能告诉整个人口，因为我有很高的出错概率。	hypothesis	0.6	1		HI-OE-R-184-GS-2	由于 p 值为 > 0.05，因此我无法将样本中观察到的结果概括为总体，因此男性和女性之间没有统计学上显著的平均压力差。
HI-OE-R-184-10067-2	然后，我可以继续 t-test，从中我可以得出结论，男性和女性在运动后的压力没有统计学上显著的差异。	hypothesis	0.8	1		HI-OE-R-184-GS-2	由于 p 值为 > 0.05，因此我无法将样本中观察到的结果概括为总体，因此男性和女性之间没有统计学上显著的平均压力差。
HI-OE-R-184-54838-2	两者中的 p 值小于 0.05，因此我可以考虑可以推广到整个总体的示例数据。	hypothesis	0.2	0		HI-OE-R-184-GS-2	由于 p 值为 > 0.05，因此我无法将样本中观察到的结果概括为总体，因此男性和女性之间没有统计学上显著的平均压力差。
HI-OE-R-184-55056-2	可以说，由于 p 值小于 0.05，测试具有统计显著性。因此，我们接受另一种假设，即男女运动后的压力差异很大。	hypothesis	0	0		HI-OE-R-184-GS-2	由于 p 值为 > 0.05，因此我无法将样本中观察到的结果概括为总体，因此男性和女性之间没有统计学上显著的平均压力差。
HI-OE-R-184-55081-2	从 t 检验中获得的 p 值小于 0.05，因此差异具有统计显著性，可以推广到总体。	hypothesis	0	0		HI-OE-R-184-GS-2	由于 p 值为 > 0.05，因此我无法将样本中观察到的结果概括为总体，因此男性和女性之间没有统计学上显著的平均压力差。
HI-OE-R-184-55239-2	我继续使用独立变量的 t-test 进行比较，结果获得一个值 p 值再次大于 0.05，这使我猜想这两个函数之间的差别没有显著差异。	hypothesis	0.9	1		HI-OE-R-184-GS-2	由于 p 值为 > 0.05，因此我无法将样本中观察到的结果概括为总体，因此男性和女性之间没有统计学上显著的平均压力差。
HI-OE-R-184-55254-1	P 值>0.05，变量之间的差值在统计上不显著	hypothesis	0.8	1		HI-OE-R-184-GS-2	由于 p 值为 > 0.05，因此我无法将样本中观察到的结果概括为总体，因此男性和女性之间没有统计学上显著的平均压力差。
HI-OE-R-184-55282-1	特别是，男女在运动后的压力是不同的，女性（F）的压力比男性（M）高。但是，测试没有显著差异，因此不可能将结果扩展到两个测试的整个总体，因为 p 值的值大于 0.05。	hypothesis	1	1		HI-OE-R-184-GS-2	由于 p 值为 > 0.05，因此我无法将样本中观察到的结果概括为总体，因此男性和女性之间没有统计学上显著的平均压力差。
HI-OE-R-184-55390-2	由于独立样品的 t.test 的 p 值大于 0.05，因此无法概括男性和女性之间锻炼后的压力值不同，但只是在此特定情况下。	hypothesis	0.8	1		HI-OE-R-184-GS-2	由于 p 值为 > 0.05，因此我无法将样本中观察到的结果概括为总体，因此男性和女性之间没有统计学上显著的平均压力差。
HI-OE-R-184-57213-2	p 值>0.05，因此不能将检验视为具有统计意义，并且不应接受无假设，因此男性和女性之间没有不同	hypothesis	0.8	1		HI-OE-R-184-GS-2	由于 p 值为 > 0.05，因此我无法将样本中观察到的结果概括为总体，因此男性和女性之间没有统计学上显著的平均压力差。
HI-OE-R-184-62567-1	假设检验表明，数据不能推广到整个总体;事实上，男性和女性的压力值差异在统计学上并不显著。	hypothesis	0.9	1		HI-OE-R-184-GS-2	由于 p 值为 > 0.05，因此我无法将样本中观察到的结果概括为总体，因此男性和女性之间没有统计学上显著的平均压力差。
HI-OE-R-184-62641-3	p 值>0.05，所以我无法概括（扩展到总体）之前观察到的数据。	hypothesis	0.8	1		HI-OE-R-184-GS-2	由于 p 值为 > 0.05，因此我无法将样本中观察到的结果概括为总体，因此男性和女性之间没有统计学上显著的平均压力差。
HI-OE-R-184-62647-2	意义不重大。	hypothesis	0.6	1		HI-OE-R-184-GS-2	由于 p 值为 > 0.05，因此我无法将样本中观察到的结果概括为总体，因此男性和女性之间没有统计学上显著的平均压力差。
HI-OE-R-185-10081-2	干预 A 的类型比干预 B 更成功。	hypothesis	0.6	1		HI-OE-R-185-GS-2	由于 p 值为 < 0.05，我可以将样本中观察到的结果概括为总体，因此手术 A 和 B 之间的伤口外观存在统计学上显著差异。
HI-OE-R-185-54833-2	对手术 A 和手术 B 的伤口外观平均值的分析表明，事实上，A手术留下的伤口看起来比手术 B 更好。Shapiro 测试的 p 值大于 0.05，因此执行参数化测试，即两个独立变量的 T 检验。这具有大于 0.05 的 p 值，这意味着分析在统计上无法扩展到整个总体。	hypothesis	0.4	0		HI-OE-R-185-GS-2	由于 p 值为 < 0.05，我可以将样本中观察到的结果概括为总体，因此手术 A 和 B 之间的伤口外观存在统计学上显著差异。
HI-OE-R-185-55099-3	p 值小于 0.05，因此样本结果具有统计显著性，可扩展到总体。	hypothesis	1	1		HI-OE-R-185-GS-2	由于 p 值为 < 0.05，我可以将样本中观察到的结果概括为总体，因此手术 A 和 B 之间的伤口外观存在统计学上显著差异。
HI-OE-R-185-62619-2	P>0.05 表示结果具有统计显著性，换句话说，伤口的外观不取决于手术类型。	hypothesis	0.4	0		HI-OE-R-185-GS-2	由于 p 值为 < 0.05，我可以将样本中观察到的结果概括为总体，因此手术 A 和 B 之间的伤口外观存在统计学上显著差异。
HI-OE-R-187-55021-2	p 值小于 0.05，因此各种干预类型之间有统计学上显著的差异。	hypothesis	0.8	1		HI-OE-R-187-GS-2	由于 p 值为 < 0.05，因此我可以将样本中观察到的结果概括为总体，因此，在 C、B 和 C 之间，在停留时间上存在统计显著差异。
HI-OE-R-187-55406-1	p 值为 <0.05， 因此两种类型的手术之间没有重大的统计差异	hypothesis	0.2	0		HI-OE-R-187-GS-2	由于 p 值为 < 0.05，因此我可以将样本中观察到的结果概括为总体，因此，在 C、B 和 C 之间，在停留时间上存在统计显著差异。
HI-OE-R-187-57226-1	必须对样本执行与值的参数测试。由于 t 检验返回大于 0.05 的 p 值，因此分布不显著	hypothesis	0.6	1		HI-OE-R-187-GS-2	由于 p 值为 < 0.05，因此我可以将样本中观察到的结果概括为总体，因此，在 C、B 和 C 之间，在停留时间上存在统计显著差异。
HI-OE-R-187-9999-3	p 值小于 0.05， 因此手术类型会影响医院	hypothesis	0.8	1		HI-OE-R-187-GS-2	由于 p 值为 < 0.05，因此我可以将样本中观察到的结果概括为总体，因此，在 C、B 和 C 之间，在停留时间上存在统计显著差异。
HI-OE-R-188-54843-3	我们可以说，变量之间有统计学上显著的区别，我们可以继续进行临时测试	hypothesis	0.8	1		HI-OE-R-188-GS-2	由于 p 值为 < 0.05，因此我可以将样本中观察到的结果概括为总体，因此，丘里吉 A、B 和 C 之间的疤痕可见性存在统计显著差异。
HI-OE-R-EX-1-10034-2	p<0.05，所以差异在统计学上是显著的，我们可以概括我们在样本中观察到的：大学教授（'案例'）平均比其他人说更多的难词	hypothesis	1	1		HI-OE-R-EX-1-GS-2	看看p < 0.05 的值，我可以得出结论，在样本中观察到的差异是一般到总体，这种差异在统计学上是显著的，因此大学教授使用的平均词比非教授难。
HI-OE-R-EX-1-53038-2	我们的结论是，在统计学上显著性的方式，不同群体之间不必要的难词数量是不同的。	hypothesis	0.8	1		HI-OE-R-EX-1-GS-2	看看p < 0.05 的值，我可以得出结论，在样本中观察到的差异是一般到总体，这种差异在统计学上是显著的，因此大学教授使用的平均词比非教授难。
HI-OE-R-EX-1-53726-2	T.test 从 p 值<0.05，因此我们可以说，案例组和控制之间有统计学上显著的差异。	hypothesis	0.9	1		HI-OE-R-EX-1-GS-2	看看p < 0.05 的值，我可以得出结论，在样本中观察到的差异是一般到总体，这种差异在统计学上是显著的，因此大学教授使用的平均词比非教授难。
HI-OE-R-EX-1-54461-2	p 值为 <0.05，因此两组表示的不必要的困难词平均值之间的差值并不显著。	hypothesis	0.4	0		HI-OE-R-EX-1-GS-2	看看p < 0.05 的值，我可以得出结论，在样本中观察到的差异是一般到总体，这种差异在统计学上是显著的，因此大学教授使用的平均词比非教授难。
HI-OE-R-EX-1-56266-2	我选择了T-test的独立数据，返回的p值小于0.05，这就是为什么我可以得出结论，大学教授使用更不必要的困难的话，这个说法，我可以扩展到整个人口。	hypothesis	1	1		HI-OE-R-EX-1-GS-2	看看p < 0.05 的值，我可以得出结论，在样本中观察到的差异是一般到总体，这种差异在统计学上是显著的，因此大学教授使用的平均词比非教授难。
HI-OE-R-EX-1-63051-2	pvalue <0.05 拒绝 h0。我可以概括。有统计学显著性的差异。大学教授在 10 分钟内说更多不必要的困难的话	hypothesis	1	1		HI-OE-R-EX-1-GS-2	看看p < 0.05 的值，我可以得出结论，在样本中观察到的差异是一般到总体，这种差异在统计学上是显著的，因此大学教授使用的平均词比非教授难。
HI-OE-R-EX-1-63211-2	p 值 <0.05 拒绝 H0。我接受 H1	hypothesis	0.6	1		HI-OE-R-EX-1-GS-2	看看p < 0.05 的值，我可以得出结论，在样本中观察到的差异是一般到总体，这种差异在统计学上是显著的，因此大学教授使用的平均词比非教授难。
HI-OE-R-EX-1-63748-1	对2个独立样本进行的 t 测试显示 p 值 0....583，因此 <0.05（拒绝 H0），因此我可以说组之间不必要的困难词的平均数量在统计上不显著。	hypothesis	0.4	0		HI-OE-R-EX-1-GS-2	看看p < 0.05 的值，我可以得出结论，在样本中观察到的差异是一般到总体，这种差异在统计学上是显著的，因此大学教授使用的平均词比非教授难。
HI-OE-R-EX-1-63811-2	作为 p. value< 0.05 我将接受替代假设， 并拒绝假设没有 h0， 所以我假设在案例中说的困难词和在控件中说的困难词之间有相关性	hypothesis	0.8	1		HI-OE-R-EX-1-GS-2	看看p < 0.05 的值，我可以得出结论，在样本中观察到的差异是一般到总体，这种差异在统计学上是显著的，因此大学教授使用的平均词比非教授难。
HI-OE-R-EX-1-8489-1	不必要的困难词的平均数量以统计学显著性的方式在组之间是不同的，事实上 t-test 返回的 p 值小于 0.05，这意味着错误概率小于 5%	hypothesis	1	1		HI-OE-R-EX-1-GS-2	看看p < 0.05 的值，我可以得出结论，在样本中观察到的差异是一般到总体，这种差异在统计学上是显著的，因此大学教授使用的平均词比非教授难。
HI-OE-R-EX-1-9158-3	由于 t-test 的 p 值结果小于 0.05，我可以将样本分析的结果概括为整个人群，也就是说，大学教授发音的难词数平均比他不是大学教授的要多。	hypothesis	1	1		HI-OE-R-EX-1-GS-2	看看p < 0.05 的值，我可以得出结论，在样本中观察到的差异是一般到总体，这种差异在统计学上是显著的，因此大学教授使用的平均词比非教授难。
HI-OE-R-EX-2-10190-2	p<0.05，不同类型啤酒的得分不同	hypothesis	0.6	1		HI-OE-R-EX-2-GS-2	p 值为 < 0.05，因此我可以将样本中观察到的差异概括为总体，该差异具有统计显著性。
HI-OE-R-EX-2-51466-1	由于 p 值是 < 0.05， 啤酒之间的投票差异很大	hypothesis	0.9	1		HI-OE-R-EX-2-GS-2	p 值为 < 0.05，因此我可以将样本中观察到的差异概括为总体，该差异具有统计显著性。
HI-OE-R-EX-2-63058-2	pvalue<0.05...我比较变量	hypothesis	0.6	1		HI-OE-R-EX-2-GS-2	p 值为 < 0.05，因此我可以将样本中观察到的差异概括为总体，该差异具有统计显著性。
HI-OE-R-EX-3-53254-2	由于 p 值小于 0.05， 我们可以得出结论， 三个三个三个三个之间的投票是不同的， 所以我进行后期比较	hypothesis	0.9	1		HI-OE-R-EX-3-GS-2	查看 p 值 < 0.05，我可以得出结论，在样本中观察到的差异是可概括的，这种差异在统计学上是显著的，因此，三元对煮羊的烹饪方式不同。
HI-OE-R-EX-3-53970-2	拖拉机的平均值是有区别的。我将继续与图基， 以确定最好的	hypothesis	0.6	1		HI-OE-R-EX-3-GS-2	查看 p 值 < 0.05，我可以得出结论，在样本中观察到的差异是可概括的，这种差异在统计学上是显著的，因此，三元对煮羊的烹饪方式不同。
HI-OE-R-EX-3-57399-1	从 ANOVA 中，给三个三个三元标记之间似乎存在统计学上显著的差异。	hypothesis	0.8	1		HI-OE-R-EX-3-GS-2	查看 p 值 < 0.05，我可以得出结论，在样本中观察到的差异是可概括的，这种差异在统计学上是显著的，因此，三元对煮羊的烹饪方式不同。
HI-OE-R-EX-3-62827-1	我们可以说，平均值在统计学上不同	hypothesis	0.6	1		HI-OE-R-EX-3-GS-2	查看 p 值 < 0.05，我可以得出结论，在样本中观察到的差异是可概括的，这种差异在统计学上是显著的，因此，三元对煮羊的烹饪方式不同。
HI-OE-R-EX-3-63062-2	P <0.05 似乎能够概括， 但我们必须检查比率在 2 比 2....图基赫斯德	hypothesis	0.4	0		HI-OE-R-EX-3-GS-2	查看 p 值 < 0.05，我可以得出结论，在样本中观察到的差异是可概括的，这种差异在统计学上是显著的，因此，三元对煮羊的烹饪方式不同。
HI-OE-R-EX-3-9575-2	由于 ANOVA 的 p 值小于 0.05，我们至少与三元数的平均值之间有统计学上显著的差异。	hypothesis	0.9	1		HI-OE-R-EX-3-GS-2	查看 p 值 < 0.05，我可以得出结论，在样本中观察到的差异是可概括的，这种差异在统计学上是显著的，因此，三元对煮羊的烹饪方式不同。
HI-OE-R-EX-4-50881-1	p>0.05 差异不具有统计显著性	hypothesis	0.8	1		HI-OE-R-EX-4-GS-1	由于 Kruskal Wallis 测试给了我 大于 0.05 的 p 值 ，因此我不能将样本中所看到的值概括为总体值，因此我没有统计学上显著差异，因此并非所有男性都喜欢金发。
HI-OE-R-EX-4-63066-1	p 值 >0.05 接受 h0	hypothesis	0.6	1		HI-OE-R-EX-4-GS-1	由于 Kruskal Wallis 测试给了我 大于 0.05 的 p 值 ，因此我不能将样本中所看到的值概括为总体值，因此我没有统计学上显著差异，因此并非所有男性都喜欢金发。
HI-OE-R-EX-4-63278-1	测试没有统计显著性	hypothesis	0.6	1		HI-OE-R-EX-4-GS-1	由于 Kruskal Wallis 测试给了我 大于 0.05 的 p 值 ，因此我不能将样本中所看到的值概括为总体值，因此我没有统计学上显著差异，因此并非所有男性都喜欢金发。
HI-OE-R-EX-4-63613-1	虽然在我的样本中， 金发女郎看起来比 M 和 R 更好， 但现实是， 我不能将结果概括为人口	hypothesis	0.9	1		HI-OE-R-EX-4-GS-1	由于 Kruskal Wallis 测试给了我 大于 0.05 的 p 值 ，因此我不能将样本中所看到的值概括为总体值，因此我没有统计学上显著差异，因此并非所有男性都喜欢金发。
HI-OE-R-EX-4-63884-1	基于 p 值的值，可以推断出 p>0.05 这三个类别之间没有区别，因此否认了金发女郎是首选的假设	hypothesis	0.8	1		HI-OE-R-EX-4-GS-1	由于 Kruskal Wallis 测试给了我 大于 0.05 的 p 值 ，因此我不能将样本中所看到的值概括为总体值，因此我没有统计学上显著差异，因此并非所有男性都喜欢金发。
HI-OE-R-EX-4-9162-1	只有在金发女郎和黑莓的比较中， p 值小于 0.05， 所以只有在这种情况下， 我才能对样本分析的结果进行对比， 也就是说， 男人更喜欢金发女郎而不是红色	hypothesis	0.2	0		HI-OE-R-EX-4-GS-1	由于 Kruskal Wallis 测试给了我 大于 0.05 的 p 值 ，因此我不能将样本中所看到的值概括为总体值，因此我没有统计学上显著差异，因此并非所有男性都喜欢金发。
HI-OE-R-EX-5-52570-1	p 值大于 0.05， 因此披肩和秃头之间的差值在统计上没有显著性	hypothesis	0.4	0		HI-OE-R-EX-5-GS-1	由于 Wilcoxon 测试给了我 小于0.05 的 p 值，我可以将样本中所看到的值概括为人群，因此我有统计学上的显著差异，因此头发移植使男性更具吸引力。
HI-OE-R-EX-5-53614-1	在这种情况下，使用对对数据的 WILCOX 测试。根据 P 值，我们可以说测试是静态重要的。	hypothesis	0.9	1		HI-OE-R-EX-5-GS-1	由于 Wilcoxon 测试给了我 小于0.05 的 p 值，我可以将样本中所看到的值概括为人群，因此我有统计学上的显著差异，因此头发移植使男性更具吸引力。
HI-OE-R-EX-5-53743-1	秃头男人的吸引力就不那么吸引人了。	hypothesis	0.6	1		HI-OE-R-EX-5-GS-1	由于 Wilcoxon 测试给了我 小于0.05 的 p 值，我可以将样本中所看到的值概括为人群，因此我有统计学上的显著差异，因此头发移植使男性更具吸引力。
HI-OE-R-EX-5-53902-1	参照上面计算的中位数， 可以说， 并概括到整个人口， 秃头平均比披肩更有吸引力。	hypothesis	0	0		HI-OE-R-EX-5-GS-1	由于 Wilcoxon 测试给了我 小于0.05 的 p 值，我可以将样本中所看到的值概括为人群，因此我有统计学上的显著差异，因此头发移植使男性更具吸引力。
HI-OE-R-EX-5-54069-1	如果您查看威尔科森测试的结果，可以看到差异在统计上并不显著。	hypothesis	0.4	0		HI-OE-R-EX-5-GS-1	由于 Wilcoxon 测试给了我 小于0.05 的 p 值，我可以将样本中所看到的值概括为人群，因此我有统计学上的显著差异，因此头发移植使男性更具吸引力。
HI-OE-R-EX-5-56267-1	使用 wilcox.test 获得的 p 值小于 0.05。因此，可以得出结论，测试具有统计学意义，因此秃头比有头发的男性更有吸引力。	hypothesis	0.8	1		HI-OE-R-EX-5-GS-1	由于 Wilcoxon 测试给了我 小于0.05 的 p 值，我可以将样本中所看到的值概括为人群，因此我有统计学上的显著差异，因此头发移植使男性更具吸引力。
HI-OE-R-EX-5-62953-1	我选择测试替代假设（如果在手术前和手术后之间有差异）与威尔科克斯测试有配对的数据（干预之前和之后）。使用 Wilcox 检验获得的 p 值将在短时间内拒绝假设 0，接受替代假设，即干预之前和之后之间存在差异（尽管很少）。	hypothesis	1	1		HI-OE-R-EX-5-GS-1	由于 Wilcoxon 测试给了我 小于0.05 的 p 值，我可以将样本中所看到的值概括为人群，因此我有统计学上的显著差异，因此头发移植使男性更具吸引力。
HI-OE-R-EX-5-63070-1	p 值 <0.05 拒绝 h0。	hypothesis	0.6	1		HI-OE-R-EX-5-GS-1	由于 Wilcoxon 测试给了我 小于0.05 的 p 值，我可以将样本中所看到的值概括为人群，因此我有统计学上的显著差异，因此头发移植使男性更具吸引力。
HI-OE-R-EX-5-63245-1	秃头男人不比头发更吸引人。	hypothesis	0.2	0		HI-OE-R-EX-5-GS-1	由于 Wilcoxon 测试给了我 小于0.05 的 p 值，我可以将样本中所看到的值概括为人群，因此我有统计学上的显著差异，因此头发移植使男性更具吸引力。
HI-OE-R-EX-5-63887-1	从中位数和控制测试， 它似乎卡佩卢蒂男人更有吸引力， 但测试给了我们一个 p 值， 告诉我们测试不显著	hypothesis	0	0		HI-OE-R-EX-5-GS-1	由于 Wilcoxon 测试给了我 小于0.05 的 p 值，我可以将样本中所看到的值概括为人群，因此我有统计学上的显著差异，因此头发移植使男性更具吸引力。
HI-OE-R-EX-5-9697-1	由于中位数，一个中心趋势值，是较低的一组被封顶的受试者，我们可以说，被封顶的男性被认为是更有吸引力的。	hypothesis	0	0		HI-OE-R-EX-5-GS-1	由于 Wilcoxon 测试给了我 小于0.05 的 p 值，我可以将样本中所看到的值概括为人群，因此我有统计学上的显著差异，因此头发移植使男性更具吸引力。
HI-OE-R-EX-5-9798-1	由于它是序号分类变量，因此不创建平均值，而是提供的数据中位数。事实证明，秃头男人比卡佩卢蒂更有吸引力，随后的 wilcox.test 允许我们概括样本的结果	hypothesis	0.8	1		HI-OE-R-EX-5-GS-1	由于 Wilcoxon 测试给了我 小于0.05 的 p 值，我可以将样本中所看到的值概括为人群，因此我有统计学上的显著差异，因此头发移植使男性更具吸引力。
HI-OE-R-EX-6-52005-1	分析表明，使用化妆水比安慰剂令人满意得多，每平方厘米的平均头发为15.8，而安慰剂的平均头发为9.8。由于 t.test，我们可以说这些结果可以扩展到整个总体，即大于 0.05 的 p 值。	hypothesis	0.4	0		HI-OE-R-EX-6-GS-2	由于 t 检验给了我 大于 0.05 的 p 值 ，因此无法将样本中看到的值对总体进行概括，因此我没有统计学上显著的差异，因此 化妆水 似乎没有任何效果。
HI-OE-R-EX-6-52348-2	由于 p 值>0.05， 我们可以说化妆水对所考虑的样本有影响， 但我们不能概括整个人口	hypothesis	0.6	1		HI-OE-R-EX-6-GS-2	由于 t 检验给了我 大于 0.05 的 p 值 ，因此无法将样本中看到的值对总体进行概括，因此我没有统计学上显著的差异，因此 化妆水 似乎没有任何效果。
HI-OE-R-EX-6-52870-2	神奇的 化妆水 没有效果，因为使用 T 检验，p 值大于 0.05，即两个变量之间没有统计学上显著的差异，因此这意味着 化妆水 没有效果	hypothesis	0.9	1		HI-OE-R-EX-6-GS-2	由于 t 检验给了我 大于 0.05 的 p 值 ，因此无法将样本中看到的值对总体进行概括，因此我没有统计学上显著的差异，因此 化妆水 似乎没有任何效果。
HI-OE-R-EX-6-53010-2	从独立数据上的 t.test 参数化测试中，我们注意到大于 0.05 的 p 值，因此样本中发现的差值不适用于总体。	hypothesis	1	1		HI-OE-R-EX-6-GS-2	由于 t 检验给了我 大于 0.05 的 p 值 ，因此无法将样本中看到的值对总体进行概括，因此我没有统计学上显著的差异，因此 化妆水 似乎没有任何效果。
HI-OE-R-EX-6-53026-1	由于 T 检验的 p 值大于 0.05，因此统计分析可扩展到整个总体。	hypothesis	0.2	0		HI-OE-R-EX-6-GS-2	由于 t 检验给了我 大于 0.05 的 p 值 ，因此无法将样本中看到的值对总体进行概括，因此我没有统计学上显著的差异，因此 化妆水 似乎没有任何效果。
HI-OE-R-EX-6-53156-1	p 值>0.05，化妆水未生效的 p 值	hypothesis	0.8	1		HI-OE-R-EX-6-GS-2	由于 t 检验给了我 大于 0.05 的 p 值 ，因此无法将样本中看到的值对总体进行概括，因此我没有统计学上显著的差异，因此 化妆水 似乎没有任何效果。
HI-OE-R-EX-6-53204-3	p 值>0.05，因此化妆水的平均头发面积与安慰剂的平均头发表面没有显著差异。没有统计上有效的差异， 所以无意义假说是正确的。这两种治疗方法的结果非常相似。	hypothesis	0.8	1		HI-OE-R-EX-6-GS-2	由于 t 检验给了我 大于 0.05 的 p 值 ，因此无法将样本中看到的值对总体进行概括，因此我没有统计学上显著的差异，因此 化妆水 似乎没有任何效果。
HI-OE-R-EX-6-53586-2	P>0.05 没有统计学上的显著差异	hypothesis	0.8	1		HI-OE-R-EX-6-GS-2	由于 t 检验给了我 大于 0.05 的 p 值 ，因此无法将样本中看到的值对总体进行概括，因此我没有统计学上显著的差异，因此 化妆水 似乎没有任何效果。
HI-OE-R-EX-6-53860-3	平均值没有显著差异。	hypothesis	0.6	1		HI-OE-R-EX-6-GS-2	由于 t 检验给了我 大于 0.05 的 p 值 ，因此无法将样本中看到的值对总体进行概括，因此我没有统计学上显著的差异，因此 化妆水 似乎没有任何效果。
HI-OE-R-EX-6-53922-2	p 值>0.05： 我们不能概括人口	hypothesis	0.8	1		HI-OE-R-EX-6-GS-2	由于 t 检验给了我 大于 0.05 的 p 值 ，因此无法将样本中看到的值对总体进行概括，因此我没有统计学上显著的差异，因此 化妆水 似乎没有任何效果。
HI-OE-R-EX-6-53927-3	p 值大于 0.05，因此无法将结果扩展到总体	hypothesis	0.8	1		HI-OE-R-EX-6-GS-2	由于 t 检验给了我 大于 0.05 的 p 值 ，因此无法将样本中看到的值对总体进行概括，因此我没有统计学上显著的差异，因此 化妆水 似乎没有任何效果。
HI-OE-R-EX-6-54366-1	p 值（大于 0.05）显示我无法将获得的结果概括为整个总体。	hypothesis	0.8	1		HI-OE-R-EX-6-GS-2	由于 t 检验给了我 大于 0.05 的 p 值 ，因此无法将样本中看到的值对总体进行概括，因此我没有统计学上显著的差异，因此 化妆水 似乎没有任何效果。
HI-OE-R-EX-6-54382-2	从 t.test 的结果中，我们可以推断出，化妆水的最佳性能不能对人群通用。	hypothesis	0.5	1		HI-OE-R-EX-6-GS-2	由于 t 检验给了我 大于 0.05 的 p 值 ，因此无法将样本中看到的值对总体进行概括，因此我没有统计学上显著的差异，因此 化妆水 似乎没有任何效果。
HI-OE-R-EX-6-54515-3	统计测试显示的 p 值小于 0.05，这意味着变量 X 和变量 X.1 之间有统计学显著差异。变量的各平均值表明，化妆水有效。	hypothesis	0.4	0		HI-OE-R-EX-6-GS-2	由于 t 检验给了我 大于 0.05 的 p 值 ，因此无法将样本中看到的值对总体进行概括，因此我没有统计学上显著的差异，因此 化妆水 似乎没有任何效果。
HI-OE-R-EX-6-57419-1	两组之间的差值在统计学上并不显著，化妆水与安慰剂相同的结果，则效果并不有效。	hypothesis	0.7	1		HI-OE-R-EX-6-GS-2	由于 t 检验给了我 大于 0.05 的 p 值 ，因此无法将样本中看到的值对总体进行概括，因此我没有统计学上显著的差异，因此 化妆水 似乎没有任何效果。
HI-OE-R-EX-6-62961-1	我应用了夏皮罗.test 来评估正态分布的数据的正态性	hypothesis	0.8	1		HI-OE-R-EX-6-GS-2	由于 t 检验给了我 大于 0.05 的 p 值 ，因此无法将样本中看到的值对总体进行概括，因此我没有统计学上显著的差异，因此 化妆水 似乎没有任何效果。
HI-OE-R-EX-6-62961-2	我应用了 t.test，从该 t.test 中> p 值 0.05，因此您接受 h0 假说，该假说将以前获得的差异归因于案例。	hypothesis	0.9	1		HI-OE-R-EX-6-GS-2	由于 t 检验给了我 大于 0.05 的 p 值 ，因此无法将样本中看到的值对总体进行概括，因此我没有统计学上显著的差异，因此 化妆水 似乎没有任何效果。
HI-OE-R-EX-6-63253-1	服用安慰剂和头发和头发和化妆水，化妆水显著。	hypothesis	0.2	0		HI-OE-R-EX-6-GS-2	由于 t 检验给了我 大于 0.05 的 p 值 ，因此无法将样本中看到的值对总体进行概括，因此我没有统计学上显著的差异，因此 化妆水 似乎没有任何效果。
HI-OE-R-EX-6-63423-2	治疗的有效性在统计学上没有显著性	hypothesis	0.6	1		HI-OE-R-EX-6-GS-2	由于 t 检验给了我 大于 0.05 的 p 值 ，因此无法将样本中看到的值对总体进行概括，因此我没有统计学上显著的差异，因此 化妆水 似乎没有任何效果。
HI-OE-R-EX-6-63427-1	奇迹化妆水没有统计学上显著的影响	hypothesis	0.6	1		HI-OE-R-EX-6-GS-2	由于 t 检验给了我 大于 0.05 的 p 值 ，因此无法将样本中看到的值对总体进行概括，因此我没有统计学上显著的差异，因此 化妆水 似乎没有任何效果。
HI-OE-R-EX-6-63509-2	我接受没有假设， 因为两种治疗方法之间没有统计学意义	hypothesis	0.6	1		HI-OE-R-EX-6-GS-2	由于 t 检验给了我 大于 0.05 的 p 值 ，因此无法将样本中看到的值对总体进行概括，因此我没有统计学上显著的差异，因此 化妆水 似乎没有任何效果。
HI-OE-R-EX-6-63751-2	作为 p 值 > 0.05， 我将接受假设 h0 （根据假设， 化妆水和头发生长之间没有联系）， 并拒绝替代假设	hypothesis	0.8	1		HI-OE-R-EX-6-GS-2	由于 t 检验给了我 大于 0.05 的 p 值 ，因此无法将样本中看到的值对总体进行概括，因此我没有统计学上显著的差异，因此 化妆水 似乎没有任何效果。
HI-OE-R-EX-6-63916-1	在样本中，化妆水比安慰剂更有效，因为它具有较高的平均值，但我们不能在总体上扩展此结果，因为在 t 检验中 p 值>0.05	hypothesis	1	1		HI-OE-R-EX-6-GS-2	由于 t 检验给了我 大于 0.05 的 p 值 ，因此无法将样本中看到的值对总体进行概括，因此我没有统计学上显著的差异，因此 化妆水 似乎没有任何效果。
HI-OE-R-EX-6-9043-1	不能得出结论，化妆水生效，因为 p 值大于 0.05 表明调查中有 29% 的错误。	hypothesis	0.9	1		HI-OE-R-EX-6-GS-2	由于 t 检验给了我 大于 0.05 的 p 值 ，因此无法将样本中看到的值对总体进行概括，因此我没有统计学上显著的差异，因此 化妆水 似乎没有任何效果。
HI-OE-R-EX-7-10254-2	p<0.05 结果表明，服用药物前的平均血压与服用后的平均血压没有显著差异。	hypothesis	0.4	0		HI-OE-R-EX-7-GS-2	查看 p 值 < 0.05，我可以得出结论，在样本中观察到的差异具有统计学意义，它向总体通用，因此药物具有效果。
HI-OE-R-EX-7-51685-2	我们可以观察药物效果的减少	hypothesis	0.8	1		HI-OE-R-EX-7-GS-2	查看 p 值 < 0.05，我可以得出结论，在样本中观察到的差异具有统计学意义，它向总体通用，因此药物具有效果。
HI-OE-R-EX-7-52883-1	样品内药物分布后平均压力下降	hypothesis	0.2	0		HI-OE-R-EX-7-GS-2	查看 p 值 < 0.05，我可以得出结论，在样本中观察到的差异具有统计学意义，它向总体通用，因此药物具有效果。
HI-OE-R-EX-7-52957-1	数据显示，在大多数情况下，服用药物后血压值下降;但是，由于 t 检验的 p 值小于 0.05，因此该研究无法扩展到整个总体。	hypothesis	0.4	0		HI-OE-R-EX-7-GS-2	查看 p 值 < 0.05，我可以得出结论，在样本中观察到的差异具有统计学意义，它向总体通用，因此药物具有效果。
HI-OE-R-EX-7-53062-2	使用T-test（参数测试）对两组可以证实，由于药物血压的影响已经降低。这可以说因为 P 值小于 0.05，即两个组之间有统计学上显著的差异。	hypothesis	1	1		HI-OE-R-EX-7-GS-2	查看 p 值 < 0.05，我可以得出结论，在样本中观察到的差异具有统计学意义，它向总体通用，因此药物具有效果。
HI-OE-R-EX-7-53072-2	由于 p 值大于 0.05，我可以推断出调查结果不能扩展到人口。	hypothesis	0.4	0		HI-OE-R-EX-7-GS-2	查看 p 值 < 0.05，我可以得出结论，在样本中观察到的差异具有统计学意义，它向总体通用，因此药物具有效果。
HI-OE-R-EX-7-53224-2	对成对数据进行参数化测试得出的 p 值小于 0.05，因此我假设在样本中发现的差值是通用的。	hypothesis	0.8	1		HI-OE-R-EX-7-GS-2	查看 p 值 < 0.05，我可以得出结论，在样本中观察到的差异具有统计学意义，它向总体通用，因此药物具有效果。
HI-OE-R-EX-7-53236-2	我必须应用参数化测试，让我看到在样本级别发现的差值适用于总体（从 t.test < 0.05）。	hypothesis	1	1		HI-OE-R-EX-7-GS-2	查看 p 值 < 0.05，我可以得出结论，在样本中观察到的差异具有统计学意义，它向总体通用，因此药物具有效果。
HI-OE-R-EX-7-53578-1	t.test 确认了血压值在之前和之后的差异	hypothesis	0.6	1		HI-OE-R-EX-7-GS-2	查看 p 值 < 0.05，我可以得出结论，在样本中观察到的差异具有统计学意义，它向总体通用，因此药物具有效果。
HI-OE-R-EX-7-53765-2	效果是通用的和显著的	hypothesis	0.5	1		HI-OE-R-EX-7-GS-2	查看 p 值 < 0.05，我可以得出结论，在样本中观察到的差异具有统计学意义，它向总体通用，因此药物具有效果。
HI-OE-R-EX-7-53939-1	由于 p 值小于 0.05，因此药物的使用与压力的降低之间有关联	hypothesis	0.9	1		HI-OE-R-EX-7-GS-2	查看 p 值 < 0.05，我可以得出结论，在样本中观察到的差异具有统计学意义，它向总体通用，因此药物具有效果。
HI-OE-R-EX-7-54394-1	由于 t.test 返回的 p 值小于 0.05，因此我可以对获得的结果进行概括;因此，由于药物的作用，血压已经下降。	hypothesis	1	1		HI-OE-R-EX-7-GS-2	查看 p 值 < 0.05，我可以得出结论，在样本中观察到的差异具有统计学意义，它向总体通用，因此药物具有效果。
HI-OE-R-EX-7-54508-2	使用 t.test，我们得到的比较是显著的（p值< 0.05），因此平均值在统计上没有差异	hypothesis	0.4	0		HI-OE-R-EX-7-GS-2	查看 p 值 < 0.05，我可以得出结论，在样本中观察到的差异具有统计学意义，它向总体通用，因此药物具有效果。
HI-OE-R-EX-7-54680-2	p 值为 <.05，因此平均值之间的差值具有统计学意义，因此药物有效	hypothesis	0.9	1		HI-OE-R-EX-7-GS-2	查看 p 值 < 0.05，我可以得出结论，在样本中观察到的差异具有统计学意义，它向总体通用，因此药物具有效果。
HI-OE-R-EX-7-56247-2	t 检验显示的 p 值小于 0.05，因此我接受了另一种假设，即药物对所考虑患者压力的影响可扩展到整个人群。	hypothesis	1	1		HI-OE-R-EX-7-GS-2	查看 p 值 < 0.05，我可以得出结论，在样本中观察到的差异具有统计学意义，它向总体通用，因此药物具有效果。
HI-OE-R-EX-7-56248-2	我执行参数化测试't-test'，这给了我一个小于0.05的p值：也就是说，由于药物的作用，压阳压力已经降低。	hypothesis	0.9	1		HI-OE-R-EX-7-GS-2	查看 p 值 < 0.05，我可以得出结论，在样本中观察到的差异具有统计学意义，它向总体通用，因此药物具有效果。
HI-OE-R-EX-7-56277-1	另一方面，进行的t.test显示，由于p值小于0.05，由于药物导致血压下降。	hypothesis	0.9	1		HI-OE-R-EX-7-GS-2	查看 p 值 < 0.05，我可以得出结论，在样本中观察到的差异具有统计学意义，它向总体通用，因此药物具有效果。
HI-OE-R-EX-7-56285-2	使用 t 测试获得的 p 值小于 0.05。因此，该测试具有统计学意义，因此可以说，该药物的施用对血压有影响。	hypothesis	1	1		HI-OE-R-EX-7-GS-2	查看 p 值 < 0.05，我可以得出结论，在样本中观察到的差异具有统计学意义，它向总体通用，因此药物具有效果。
HI-OE-R-EX-7-62884-2	由于 p 值的值为 < 0.05，因此可以拒绝无效假设并接受替代假设。该药物能够以统计学上显著的方式减少收缩压。	hypothesis	1	1		HI-OE-R-EX-7-GS-2	查看 p 值 < 0.05，我可以得出结论，在样本中观察到的差异具有统计学意义，它向总体通用，因此药物具有效果。
HI-OE-R-EX-7-62977-2	我对配对数据应用 t 测试。这将导致 p 值< 0.05，表明我观察到的样本之间的差值显著。	hypothesis	1	1		HI-OE-R-EX-7-GS-2	查看 p 值 < 0.05，我可以得出结论，在样本中观察到的差异具有统计学意义，它向总体通用，因此药物具有效果。
HI-OE-R-EX-7-63082-2	P 值> 0.05 之前和之后没有差值（统计显著）。我不能概括人口	hypothesis	0.4	0		HI-OE-R-EX-7-GS-2	查看 p 值 < 0.05，我可以得出结论，在样本中观察到的差异具有统计学意义，它向总体通用，因此药物具有效果。
HI-OE-R-EX-7-63114-1	差异是真的...这样我们才能接受另一种假设。因此，由于药物，血压下降。	hypothesis	0.6	1		HI-OE-R-EX-7-GS-2	查看 p 值 < 0.05，我可以得出结论，在样本中观察到的差异具有统计学意义，它向总体通用，因此药物具有效果。
HI-OE-R-EX-7-63706-1	p 值 < 0.05， 所以测试是显著的， 浪费 h0， 比较平均值与 t - test 我假设血压已经下降， 由于药物。	hypothesis	1	1		HI-OE-R-EX-7-GS-2	查看 p 值 < 0.05，我可以得出结论，在样本中观察到的差异具有统计学意义，它向总体通用，因此药物具有效果。
HI-OE-R-EX-7-63824-2	作为p值>0.05（0.8328），我接受H0，我可以说，我的病人的收缩PA，平均减少由于药物的效果。	hypothesis	0.2	0		HI-OE-R-EX-7-GS-2	查看 p 值 < 0.05，我可以得出结论，在样本中观察到的差异具有统计学意义，它向总体通用，因此药物具有效果。
HI-OE-R-EX-7-63946-1	P<0.05 拒绝假说没有， 测试是重要的。我们可以说，药物减少西托利帕	hypothesis	0.9	1		HI-OE-R-EX-7-GS-2	查看 p 值 < 0.05，我可以得出结论，在样本中观察到的差异具有统计学意义，它向总体通用，因此药物具有效果。
HI-OE-R-EX-7-8971-1	我们可以得出结论，收缩压已经下降，由于药物	hypothesis	0.8	1		HI-OE-R-EX-7-GS-2	查看 p 值 < 0.05，我可以得出结论，在样本中观察到的差异具有统计学意义，它向总体通用，因此药物具有效果。
